title,code,category,sub_category,slug,median_pay_monthly,median_pay_annual,entry_education,work_experience,industry,num_jobs_estimate,outlook_growth_pct,outlook_desc,salary_source,url
国家权力机关负责人,1-02-01-00,党的机关、国家机关、群众团体和社会组织、企事业单位负责人,,guo-jia-quan-li-ji-guan-fu-ze-ren,33700,404400,本科,1-3年,,35070,15,快速,行业报告估算,
国家行政机关负责人,1-02-02-00,党的机关、国家机关、群众团体和社会组织、企事业单位负责人,,guo-jia-xing-zheng-ji-guan-fu-ze-ren,24000,288000,本科,不限,,12891,2,萎缩,行业报告估算,
人民政协机关负责人,1-02-03-00,党的机关、国家机关、群众团体和社会组织、企事业单位负责人,,ren-min-zheng-xie-ji-guan-fu-ze-ren,28000,336000,本科,不限,,48888,17,萎缩,行业报告估算,
监察机关负责人,1-02-04-00,党的机关、国家机关、群众团体和社会组织、企事业单位负责人,,jian-cha-ji-guan-fu-ze-ren,27100,325200,硕士,3-5年,,9434,-3,稳定,行业报告估算,
人民法院负责人,1-02-05-01,党的机关、国家机关、群众团体和社会组织、企事业单位负责人,,ren-min-fa-yuan-fu-ze-ren,35200,422400,本科,不限,,39443,6,缓慢,行业报告估算,
民主党派负责人,1-03-00-01,党的机关、国家机关、群众团体和社会组织、企事业单位负责人,,min-zhu-dang-pai-fu-ze-ren,34300,411600,本科,不限,,11962,-1,缓慢,行业报告估算,
工会负责人,1-04-01-01,党的机关、国家机关、群众团体和社会组织、企事业单位负责人,,gong-hui-fu-ze-ren,37700,452400,硕士,不限,,49788,-4,增长,行业报告估算,
其他人民团体和群众团体负责人,1-04-01-04,党的机关、国家机关、群众团体和社会组织、企事业单位负责人,,qi-ta-ren-min-tuan-ti-he-qun-zhong-tuan-ti-fu-ze-ren,25000,300000,硕士,不限,,37969,0,稳定,行业报告估算,
社会团体负责人,1-04-02-00,党的机关、国家机关、群众团体和社会组织、企事业单位负责人,,she-hui-tuan-ti-fu-ze-ren,30300,363600,本科,3-5年,,25315,0,快速,行业报告估算,
社会中介组织负责人,1-04-04-00,党的机关、国家机关、群众团体和社会组织、企事业单位负责人,,she-hui-zhong-jie-zu-zhi-fu-ze-ren,24100,289200,硕士,不限,,23254,5,缓慢,行业报告估算,
基金会负责人,1-04-05-00,党的机关、国家机关、群众团体和社会组织、企事业单位负责人,,ji-jin-hui-fu-ze-ren,46600,559200,本科,1-3年,,35307,8,稳定,行业报告估算,
村民委员会负责人,1-05-00-02,党的机关、国家机关、群众团体和社会组织、企事业单位负责人,,cun-min-wei-yuan-hui-fu-ze-ren,31600,379200,本科,不限,,38217,13,萎缩,行业报告估算,
企业董事,1-06-01-01,党的机关、国家机关、群众团体和社会组织、企事业单位负责人,,qi-ye-dong-shi,24000,288000,大专,1-3年,,428129,18,稳定,行业报告估算,
哲学研究人员,2-01-01-00,专业技术人员,,zhe-xue-yan-jiu-ren-yuan,15300,183600,本科,不限,,470582,-2,增长,行业报告估算,
经济学研究人员,2-01-02-00,专业技术人员,,jing-ji-xue-yan-jiu-ren-yuan,19300,231600,大专,不限,,227956,4,快速,行业报告估算,
教育学研究人员,2-01-04-01,专业技术人员,,jiao-yu-xue-yan-jiu-ren-yuan,16800,201600,大专,5年以上,,114290,20,增长,行业报告估算,
心理学研究人员,2-01-04-02,专业技术人员,,xin-li-xue-yan-jiu-ren-yuan,15500,186000,本科,5年以上,,422686,6,缓慢,行业报告估算,
数学研究人员,2-01-06-01,专业技术人员,,shu-xue-yan-jiu-ren-yuan,18800,225600,本科,1-3年,,213293,17,增长,行业报告估算,
物理学研究人员,2-01-06-02,专业技术人员,,wu-li-xue-yan-jiu-ren-yuan,20800,249600,本科,1-3年,,177115,5,快速,行业报告估算,
地球科学研究人员,2-01-06-06,专业技术人员,,di-qiu-ke-xue-yan-jiu-ren-yuan,13600,163200,本科,5年以上,,316559,19,增长,行业报告估算,
医学研究人员,2-01-08-00,专业技术人员,,yi-xue-yan-jiu-ren-yuan,24900,298800,本科,3-5年,,107413,-1,增长,行业报告估算,
管理学研究人员,2-01-09-00,专业技术人员,,guan-li-xue-yan-jiu-ren-yuan,19800,237600,大专,3-5年,,371479,17,缓慢,行业报告估算,
军事学研究人员,2-01-11-00,专业技术人员,,jun-shi-xue-yan-jiu-ren-yuan,16600,199200,大专,1-3年,,441340,1,快速,行业报告估算,
地球物理地球化学与遥感勘查,2-02-01-02,专业技术人员,,di-qiu-wu-li-di-qiu-hua-xue-yu-yao-gan-kan-cha,13400,160800,本科,3-5年,,70779,-1,快速,行业报告估算,
水工环地质工程技术人员,2-02-01-03,专业技术人员,,shui-gong-huan-di-zhi-gong-cheng-ji-shu-ren-yuan,19900,238800,大专,不限,,116291,17,缓慢,行业报告估算,
钻探工程技术人员,2-02-01-05,专业技术人员,,zuan-tan-gong-cheng-ji-shu-ren-yuan,14900,178800,本科,5年以上,,63810,2,萎缩,行业报告估算,
摄影测量与遥感工程技术人员,2-02-02-03,专业技术人员,,she-ying-ce-liang-yu-yao-gan-gong-cheng-ji-shu-ren-yuan,12900,154800,大专,不限,,374582,8,萎缩,行业报告估算,
地图制图工程技术人员,2-02-02-04,专业技术人员,,di-tu-zhi-tu-gong-cheng-ji-shu-ren-yuan,12900,154800,本科,5年以上,,365134,11,缓慢,行业报告估算,
海洋测绘工程技术人员,2-02-02-05,专业技术人员,,hai-yang-ce-hui-gong-cheng-ji-shu-ren-yuan,19000,228000,本科,3-5年,,254216,20,增长,行业报告估算,
地理信息系统工程技术人员,2-02-02-07,专业技术人员,,di-li-xin-xi-xi-tong-gong-cheng-ji-shu-ren-yuan,25777,309324,大专,不限,,493019,19,萎缩,行业报告估算,
导航与位置服务工程技术人员,2-02-02-08,专业技术人员,,dao-hang-yu-wei-zhi-fu-wu-gong-cheng-ji-shu-ren-yuan,18700,224400,大专,3-5年,,115104,-4,增长,行业报告估算,
矿井建设工程技术人员,2-02-03-01,专业技术人员,,kuang-jing-jian-she-gong-cheng-ji-shu-ren-yuan,18100,217200,本科,不限,,428180,7,缓慢,行业报告估算,
选矿与矿物加工工程技术人员,2-02-03-04,专业技术人员,,xuan-kuang-yu-kuang-wu-jia-gong-gong-cheng-ji-shu-ren-yuan,16500,198000,大专,5年以上,,293968,5,萎缩,行业报告估算,
石油天然气开采工程技术人员,2-02-04-01,专业技术人员,,shi-you-tian-ran-qi-kai-cai-gong-cheng-ji-shu-ren-yuan,20000,240000,本科,不限,,382822,19,快速,行业报告估算,
石油天然气储运工程技术人员,2-02-04-02,专业技术人员,,shi-you-tian-ran-qi-chu-yun-gong-cheng-ji-shu-ren-yuan,15200,182400,本科,5年以上,,22706,4,增长,行业报告估算,
焦化工程技术人员,2-02-05-03,专业技术人员,,jiao-hua-gong-cheng-ji-shu-ren-yuan,16600,199200,大专,3-5年,,392397,5,稳定,行业报告估算,
耐火材料工程技术人员,2-02-05-05,专业技术人员,,nai-huo-cai-liao-gong-cheng-ji-shu-ren-yuan,18900,226800,大专,不限,,399393,-5,快速,行业报告估算,
铸管工程技术人员,2-02-05-08,专业技术人员,,zhu-guan-gong-cheng-ji-shu-ren-yuan,17200,206400,本科,3-5年,,484621,11,稳定,行业报告估算,
化工实验工程技术人员,2-02-06-01,专业技术人员,,hua-gong-shi-yan-gong-cheng-ji-shu-ren-yuan,19100,229200,本科,不限,,54151,-5,增长,行业报告估算,
化工设计工程技术人员,2-02-06-02,专业技术人员,,hua-gong-she-ji-gong-cheng-ji-shu-ren-yuan,22510,270120,大专,5年以上,,198630,2,萎缩,行业报告估算,
机械设计工程技术人员,2-02-07-01,专业技术人员,,ji-xie-she-ji-gong-cheng-ji-shu-ren-yuan,23350,280200,本科,不限,,493033,1,缓慢,行业报告估算,
设备工程技术人员,2-02-07-04,专业技术人员,,she-bei-gong-cheng-ji-shu-ren-yuan,12500,150000,大专,5年以上,,346890,13,稳定,行业报告估算,
医学设备管理工程技术人员,2-02-07-05,专业技术人员,,yi-xue-she-bei-guan-li-gong-cheng-ji-shu-ren-yuan,18700,224400,本科,1-3年,,492993,13,缓慢,行业报告估算,
材料成形与改性工程技术人员,2-02-07-08,专业技术人员,,cai-liao-cheng-xing-yu-gai-xing-gong-cheng-ji-shu-ren-yuan,14500,174000,大专,5年以上,,450037,13,萎缩,行业报告估算,
焊接工程技术人员,2-02-07-09,专业技术人员,,han-jie-gong-cheng-ji-shu-ren-yuan,12800,153600,大专,3-5年,,446945,4,稳定,行业报告估算,
船舶工程技术人员,2-02-07-12,专业技术人员,,chuan-bo-gong-cheng-ji-shu-ren-yuan,14000,168000,大专,1-3年,,184105,3,快速,行业报告估算,
铸造工程技术人员,2-02-07-13,专业技术人员,,zhu-zao-gong-cheng-ji-shu-ren-yuan,13000,156000,大专,1-3年,,427776,-4,萎缩,行业报告估算,
飞行器制造工程技术人员,2-02-08-02,专业技术人员,,fei-xing-qi-zhi-zao-gong-cheng-ji-shu-ren-yuan,60670,728040,大专,1-3年,,147892,15,增长,行业报告估算,
航空动力装置设计工程技术,2-02-08-03,专业技术人员,,hang-kong-dong-li-zhuang-zhi-she-ji-gong-cheng-ji-shu,22895,274740,初中及以下,不限,,310163,12,稳定,行业报告估算,
航空动力装置制造工程技术,2-02-08-04,专业技术人员,,hang-kong-dong-li-zhuang-zhi-zhi-zao-gong-cheng-ji-shu,15100,181200,高中/中专,5年以上,,283683,0,缓慢,行业报告估算,
航空产品适航工程技术人员,2-02-08-06,专业技术人员,,hang-kong-chan-pin-shi-hang-gong-cheng-ji-shu-ren-yuan,15100,181200,大专,1-3年,,200835,7,稳定,行业报告估算,
电子元器件工程技术人员,2-02-09-02,专业技术人员,,dian-zi-yuan-qi-jian-gong-cheng-ji-shu-ren-yuan,13800,165600,大专,5年以上,,132526,0,缓慢,行业报告估算,
雷达导航工程技术人员,2-02-09-03,专业技术人员,,lei-da-dao-hang-gong-cheng-ji-shu-ren-yuan,14300,171600,本科,不限,,467788,12,快速,行业报告估算,
电子仪器与电子测量工程技术,2-02-09-04,专业技术人员,,dian-zi-yi-qi-yu-dian-zi-ce-liang-gong-cheng-ji-shu,19700,236400,高中/中专,3-5年,,234448,19,缓慢,行业报告估算,
通信工程技术人员,2-02-10-01,专业技术人员,,tong-xin-gong-cheng-ji-shu-ren-yuan,17400,208800,本科,1-3年,,386247,3,缓慢,行业报告估算,
计算机硬件工程技术人员,2-02-10-02,专业技术人员,,ji-suan-ji-ying-jian-gong-cheng-ji-shu-ren-yuan,28500,342000,本科,不限,,159302,8,增长,行业报告估算,
信息系统分析工程技术人员,2-02-10-05,专业技术人员,,xin-xi-xi-tong-fen-xi-gong-cheng-ji-shu-ren-yuan,22533,270396,大专,3-5年,,381403,4,快速,行业报告估算,
嵌入式系统设计工程技术人,2-02-10-06,专业技术人员,,qian-ru-shi-xi-tong-she-ji-gong-cheng-ji-shu-ren,23512,282144,不限,3-5年,,248960,17,萎缩,行业报告估算,
电工电器工程技术人员,2-02-11-01,专业技术人员,,dian-gong-dian-qi-gong-cheng-ji-shu-ren-yuan,13500,162000,本科,3-5年,,142710,4,缓慢,行业报告估算,
发电工程技术人员,2-02-12-01,专业技术人员,,fa-dian-gong-cheng-ji-shu-ren-yuan,15200,182400,大专,不限,,368978,0,缓慢,行业报告估算,
供用电工程技术人员,2-02-12-02,专业技术人员,,gong-yong-dian-gong-cheng-ji-shu-ren-yuan,20200,242400,大专,3-5年,,118468,-5,增长,行业报告估算,
电力工程安装工程技术人员,2-02-12-05,专业技术人员,,dian-li-gong-cheng-an-zhuang-gong-cheng-ji-shu-ren-yuan,17300,207600,本科,3-5年,,418680,-4,增长,行业报告估算,
广播电视制播工程技术人员,2-02-14-01,专业技术人员,,guang-bo-dian-shi-zhi-bo-gong-cheng-ji-shu-ren-yuan,16700,200400,大专,5年以上,,121484,11,快速,行业报告估算,
广播电视传输覆盖工程技术人,2-02-14-02,专业技术人员,,guang-bo-dian-shi-chuan-shu-fu-gai-gong-cheng-ji-shu-ren,17700,212400,不限,3-5年,,314348,-1,缓慢,行业报告估算,
汽车运用工程技术人员,2-02-15-01,专业技术人员,,qi-che-yun-yong-gong-cheng-ji-shu-ren-yuan,20000,240000,大专,5年以上,,300078,16,稳定,行业报告估算,
进行汽车运行,2-02-15-02,专业技术人员,,jin-xing-qi-che-yun-xing,19500,234000,本科,不限,,412362,9,萎缩,行业报告估算,
水上交通工程技术人员,2-02-15-03,专业技术人员,,shui-shang-jiao-tong-gong-cheng-ji-shu-ren-yuan,14000,168000,大专,3-5年,,286802,3,缓慢,行业报告估算,
从事船舶,2-02-15-04,专业技术人员,,cong-shi-chuan-bo,12400,148800,本科,不限,,343792,10,萎缩,行业报告估算,
技术人员,2-02-15-05,专业技术人员,,ji-shu-ren-yuan,14700,176400,本科,3-5年,,489900,15,萎缩,行业报告估算,
视觉航标工程技术人员,2-02-15-07,专业技术人员,,shi-jue-hang-biao-gong-cheng-ji-shu-ren-yuan,14300,171600,本科,3-5年,,14706,18,稳定,行业报告估算,
道路交通工程技术人员,2-02-15-08,专业技术人员,,dao-lu-jiao-tong-gong-cheng-ji-shu-ren-yuan,13900,166800,本科,不限,,137754,8,萎缩,行业报告估算,
公路养护工程技术人员,2-02-15-09,专业技术人员,,gong-lu-yang-hu-gong-cheng-ji-shu-ren-yuan,19800,237600,大专,1-3年,,288194,5,增长,行业报告估算,
民用航空器维修与适航工程技,2-02-16-01,专业技术人员,,min-yong-hang-kong-qi-wei-xiu-yu-shi-hang-gong-cheng-ji,19200,230400,初中及以下,不限,,146082,18,缓慢,行业报告估算,
民航空中交通管理工程技术人员,2-02-16-02,专业技术人员,,min-hang-kong-zhong-jiao-tong-guan-li-gong-cheng-ji-shu-ren-yuan,14700,176400,本科,不限,,32448,9,萎缩,行业报告估算,
民航飞行签派工程技术人员,2-02-16-04,专业技术人员,,min-hang-fei-xing-qian-pai-gong-cheng-ji-shu-ren-yuan,68031,816372,大专,不限,,39733,8,增长,行业报告估算,
铁道机务工程技术人员,2-02-17-02,专业技术人员,,tie-dao-ji-wu-gong-cheng-ji-shu-ren-yuan,15400,184800,大专,5年以上,,388618,1,增长,行业报告估算,
铁道车辆工程技术人员,2-02-17-03,专业技术人员,,tie-dao-che-liang-gong-cheng-ji-shu-ren-yuan,19600,235200,大专,5年以上,,339408,10,萎缩,行业报告估算,
铁道工务工程技术人员,2-02-17-06,专业技术人员,,tie-dao-gong-wu-gong-cheng-ji-shu-ren-yuan,15900,190800,本科,5年以上,,148307,12,增长,行业报告估算,
建筑和市政设计工程技术人员,2-02-18-01,专业技术人员,,jian-zhu-he-shi-zheng-she-ji-gong-cheng-ji-shu-ren-yuan,20448,245376,大专,不限,,316390,2,稳定,行业报告估算,
土木建筑工程技术人员,2-02-18-02,专业技术人员,,tu-mu-jian-zhu-gong-cheng-ji-shu-ren-yuan,14100,169200,大专,5年以上,,440289,-4,萎缩,行业报告估算,
供水排水工程技术人员,2-02-18-04,专业技术人员,,gong-shui-pai-shui-gong-cheng-ji-shu-ren-yuan,16700,200400,大专,3-5年,,301119,2,缓慢,行业报告估算,
工程勘察与岩土工程技术人员,2-02-18-05,专业技术人员,,gong-cheng-kan-cha-yu-yan-tu-gong-cheng-ji-shu-ren-yuan,14300,171600,大专,1-3年,,323882,0,快速,行业报告估算,
环境卫生工程技术人员,2-02-18-07,专业技术人员,,huan-jing-wei-sheng-gong-cheng-ji-shu-ren-yuan,16900,202800,大专,5年以上,,499073,17,缓慢,行业报告估算,
港口与航道工程技术人员,2-02-18-09,专业技术人员,,gang-kou-yu-hang-dao-gong-cheng-ji-shu-ren-yuan,19400,232800,大专,5年以上,,424377,18,增长,行业报告估算,
民航机场工程技术人员,2-02-18-10,专业技术人员,,min-hang-ji-chang-gong-cheng-ji-shu-ren-yuan,15400,184800,本科,5年以上,,399457,13,萎缩,行业报告估算,
铁路建筑工程技术人员,2-02-18-11,专业技术人员,,tie-lu-jian-zhu-gong-cheng-ji-shu-ren-yuan,13900,166800,大专,不限,,18898,8,缓慢,行业报告估算,
水利水电建筑工程技术人员,2-02-18-12,专业技术人员,,shui-li-shui-dian-jian-zhu-gong-cheng-ji-shu-ren-yuan,20200,242400,本科,不限,,102577,15,稳定,行业报告估算,
硅酸盐工程技术人员,2-02-19-01,专业技术人员,,gui-suan-yan-gong-cheng-ji-shu-ren-yuan,16300,195600,大专,1-3年,,183022,8,增长,行业报告估算,
混凝土工程技术人员,2-02-19-04,专业技术人员,,hun-ning-tu-gong-cheng-ji-shu-ren-yuan,12900,154800,本科,5年以上,,479595,-3,快速,行业报告估算,
森林培育工程技术人员,2-02-20-02,专业技术人员,,sen-lin-pei-yu-gong-cheng-ji-shu-ren-yuan,12500,150000,大专,3-5年,,471671,-1,增长,行业报告估算,
自然保护区工程技术人员,2-02-20-05,专业技术人员,,zi-ran-bao-hu-qu-gong-cheng-ji-shu-ren-yuan,13000,156000,本科,5年以上,,393614,-1,快速,行业报告估算,
森林保护工程技术人员,2-02-20-06,专业技术人员,,sen-lin-bao-hu-gong-cheng-ji-shu-ren-yuan,17200,206400,本科,5年以上,,490080,-1,稳定,行业报告估算,
经济林产品加工工程技术人员,2-02-20-09,专业技术人员,,jing-ji-lin-chan-pin-jia-gong-gong-cheng-ji-shu-ren-yuan,18600,223200,本科,不限,,311773,3,稳定,行业报告估算,
林业资源调查与监测工程技术,2-02-20-10,专业技术人员,,lin-ye-zi-yuan-diao-cha-yu-jian-ce-gong-cheng-ji-shu,15600,187200,不限,5年以上,,117670,12,增长,行业报告估算,
护和综合利用,2-02-21-01,专业技术人员,,hu-he-zong-he-li-yong,12700,152400,大专,1-3年,,68360,16,增长,行业报告估算,
保护的规划,2-02-21-02,专业技术人员,,bao-hu-de-gui-hua,15200,182400,本科,1-3年,,120624,8,快速,行业报告估算,
编制和实施河湖综合治理,2-02-21-03,专业技术人员,,bian-zhi-he-shi-shi-he-hu-zong-he-zhi-li,20200,242400,高中/中专,3-5年,,145688,-2,缓慢,行业报告估算,
研究,2-02-21-04,专业技术人员,,yan-jiu,18300,219600,大专,1-3年,,382673,8,缓慢,行业报告估算,
L 用方法,2-02-21-05,专业技术人员,,yong-fang-fa,20000,240000,本科,3-5年,,125032,-2,增长,行业报告估算,
海洋环境预报工程技术人员,2-02-22-02,专业技术人员,,hai-yang-huan-jing-yu-bao-gong-cheng-ji-shu-ren-yuan,19100,229200,大专,5年以上,,172479,0,快速,行业报告估算,
海洋资源开发利用和保护工程,2-02-22-03,专业技术人员,,hai-yang-zi-yuan-kai-fa-li-yong-he-bao-hu-gong-cheng,12200,146400,高中/中专,不限,,355852,0,快速,行业报告估算,
深潜工程技术人员,2-02-22-06,专业技术人员,,shen-qian-gong-cheng-ji-shu-ren-yuan,18000,216000,大专,1-3年,,291233,0,增长,行业报告估算,
染整工程技术人员,2-02-23-02,专业技术人员,,ran-zheng-gong-cheng-ji-shu-ren-yuan,17700,212400,本科,1-3年,,99973,3,增长,行业报告估算,
化学纤维工程技术人员,2-02-23-03,专业技术人员,,hua-xue-xian-wei-gong-cheng-ji-shu-ren-yuan,16500,198000,大专,5年以上,,71775,1,缓慢,行业报告估算,
食品工程技术人员,2-02-24-00,专业技术人员,,shi-pin-gong-cheng-ji-shu-ren-yuan,14300,171600,本科,不限,,74204,5,稳定,行业报告估算,
气候监测预测工程技术人员,2-02-25-03,专业技术人员,,qi-hou-jian-ce-yu-ce-gong-cheng-ji-shu-ren-yuan,17300,207600,大专,5年以上,,440467,6,增长,行业报告估算,
气象服务工程技术人员,2-02-25-04,专业技术人员,,qi-xiang-fu-wu-gong-cheng-ji-shu-ren-yuan,13100,157200,本科,3-5年,,216090,3,快速,行业报告估算,
防雷工程技术人员,2-02-25-06,专业技术人员,,fang-lei-gong-cheng-ji-shu-ren-yuan,15700,188400,本科,不限,,28455,2,快速,行业报告估算,
地震监测预测工程技术人员,2-02-26-01,专业技术人员,,di-zhen-jian-ce-yu-ce-gong-cheng-ji-shu-ren-yuan,15800,189600,大专,5年以上,,333924,17,增长,行业报告估算,
地震安全性评价工程技术人员,2-02-26-03,专业技术人员,,di-zhen-an-quan-xing-ping-jia-gong-cheng-ji-shu-ren-yuan,19900,238800,本科,不限,,306499,0,稳定,行业报告估算,
环境污染防治工程技术人员,2-02-27-02,专业技术人员,,huan-jing-wu-ran-fang-zhi-gong-cheng-ji-shu-ren-yuan,19200,230400,大专,不限,,93176,10,缓慢,行业报告估算,
环境影响评价工程技术人员,2-02-27-03,专业技术人员,,huan-jing-ying-xiang-ping-jia-gong-cheng-ji-shu-ren-yuan,14300,171600,本科,5年以上,,120357,20,稳定,行业报告估算,
核与辐射安全工程技术人员,2-02-27-04,专业技术人员,,he-yu-fu-she-an-quan-gong-cheng-ji-shu-ren-yuan,16200,194400,本科,不限,,391980,0,快速,行业报告估算,
安全技术防范工程技术人员,2-02-28-01,专业技术人员,,an-quan-ji-shu-fang-fan-gong-cheng-ji-shu-ren-yuan,13600,163200,本科,1-3年,,484251,16,快速,行业报告估算,
安全评价工程技术人员,2-02-28-04,专业技术人员,,an-quan-ping-jia-gong-cheng-ji-shu-ren-yuan,19500,234000,大专,不限,,315262,-4,稳定,行业报告估算,
房屋安全鉴定工程技术人员,2-02-28-05,专业技术人员,,fang-wu-an-quan-jian-ding-gong-cheng-ji-shu-ren-yuan,19200,230400,本科,1-3年,,479492,12,缓慢,行业报告估算,
计量工程技术人员,2-02-29-02,专业技术人员,,ji-liang-gong-cheng-ji-shu-ren-yuan,14600,175200,本科,1-3年,,301151,12,缓慢,行业报告估算,
质量管理工程技术人员,2-02-29-03,专业技术人员,,zhi-liang-guan-li-gong-cheng-ji-shu-ren-yuan,17300,207600,本科,3-5年,,163603,3,稳定,行业报告估算,
工业工程技术人员,2-02-30-01,专业技术人员,,gong-ye-gong-cheng-ji-shu-ren-yuan,17100,205200,大专,3-5年,,93794,12,稳定,行业报告估算,
项目管理工程技术人员,2-02-30-04,专业技术人员,,xiang-mu-guan-li-gong-cheng-ji-shu-ren-yuan,13400,160800,本科,1-3年,,252592,6,稳定,行业报告估算,
再生资源工程技术人员,2-02-30-05,专业技术人员,,zai-sheng-zi-yuan-gong-cheng-ji-shu-ren-yuan,18300,219600,大专,5年以上,,153344,1,萎缩,行业报告估算,
数据分析处理工程技术人员,2-02-30-09,专业技术人员,,shu-ju-fen-xi-chu-li-gong-cheng-ji-shu-ren-yuan,25700,308400,本科,1-3年,,386230,19,稳定,行业报告估算,
工程造价工程技术人员,2-02-30-10,专业技术人员,,gong-cheng-zao-jia-gong-cheng-ji-shu-ren-yuan,18500,222000,本科,1-3年,,272775,-2,缓慢,行业报告估算,
产品质量检验工程技术人员,2-02-31-01,专业技术人员,,chan-pin-zhi-liang-jian-yan-gong-cheng-ji-shu-ren-yuan,16400,196800,本科,不限,,184589,-5,缓慢,行业报告估算,
进出口商品检验鉴定工程技术,2-02-31-02,专业技术人员,,jin-chu-kou-shang-pin-jian-yan-jian-ding-gong-cheng-ji-shu,12200,146400,初中及以下,1-3年,,108146,16,稳定,行业报告估算,
纤维质量检验工程技术人员,2-02-31-05,专业技术人员,,xian-wei-zhi-liang-jian-yan-gong-cheng-ji-shu-ren-yuan,14800,177600,大专,5年以上,,124627,20,萎缩,行业报告估算,
印刷复制工程技术人员,2-02-33-00,专业技术人员,,yin-shua-fu-zhi-gong-cheng-ji-shu-ren-yuan,12300,147600,本科,5年以上,,290564,7,缓慢,行业报告估算,
产品设计工程技术人员,2-02-34-01,专业技术人员,,chan-pin-she-ji-gong-cheng-ji-shu-ren-yuan,24832,297984,大专,不限,,363356,19,增长,行业报告估算,
工业设计工程技术人员,2-02-34-02,专业技术人员,,gong-ye-she-ji-gong-cheng-ji-shu-ren-yuan,24499,293988,大专,不限,,269176,12,快速,行业报告估算,
矫形器师,2-02-35-01,专业技术人员,,jiao-xing-qi-shi,18900,226800,高中/中专,5年以上,,16393,15,增长,行业报告估算,
制浆造纸工程技术人员,2-02-36-01,专业技术人员,,zhi-jiang-zao-zhi-gong-cheng-ji-shu-ren-yuan,14600,175200,大专,3-5年,,375973,15,缓慢,行业报告估算,
日用化工工程技术人员,2-02-36-04,专业技术人员,,ri-yong-hua-gong-gong-cheng-ji-shu-ren-yuan,12600,151200,大专,3-5年,,301879,7,增长,行业报告估算,
城乡规划工程技术人员,2-02-37-02,专业技术人员,,cheng-xiang-gui-hua-gong-cheng-ji-shu-ren-yuan,19300,231600,本科,不限,,109426,11,稳定,行业报告估算,
物联网工程技术人员,2-02-38-02,专业技术人员,,wu-lian-wang-gong-cheng-ji-shu-ren-yuan,19800,237600,大专,3-5年,,173430,10,缓慢,行业报告估算,
大数据工程技术人员,2-02-38-03,专业技术人员,,da-shu-ju-gong-cheng-ji-shu-ren-yuan,20000,240000,本科,1-3年,,279161,20,萎缩,行业报告估算,
工业互联网工程技术人员,2-02-38-06,专业技术人员,,gong-ye-hu-lian-wang-gong-cheng-ji-shu-ren-yuan,26000,312000,大专,1-3年,,101085,3,萎缩,行业报告估算,
集成电路工程技术人员,2-02-38-09,专业技术人员,,ji-cheng-dian-lu-gong-cheng-ji-shu-ren-yuan,12700,152400,本科,不限,,336542,-5,萎缩,行业报告估算,
机器人工程技术人员,2-02-38-10,专业技术人员,,ji-qi-ren-gong-cheng-ji-shu-ren-yuan,18300,219600,本科,不限,,180476,15,快速,行业报告估算,
数据安全工程技术人员,2-02-38-12,专业技术人员,,shu-ju-an-quan-gong-cheng-ji-shu-ren-yuan,28500,342000,大专,3-5年,,317039,10,稳定,行业报告估算,
密码工程技术人员,2-02-38-13,专业技术人员,,mi-ma-gong-cheng-ji-shu-ren-yuan,13200,158400,本科,不限,,357562,19,萎缩,行业报告估算,
土壤肥料技术人员,2-03-01-00,专业技术人员,,tu-rang-fei-liao-ji-shu-ren-yuan,16000,192000,大专,不限,,55737,19,萎缩,行业报告估算,
植物保护技术人员,2-03-03-00,专业技术人员,,zhi-wu-bao-hu-ji-shu-ren-yuan,16600,199200,本科,3-5年,,99363,17,缓慢,行业报告估算,
园艺技术人员,2-03-04-00,专业技术人员,,yuan-yi-ji-shu-ren-yuan,14300,171600,大专,1-3年,,440750,1,萎缩,行业报告估算,
兽医 从事宠物疾病诊断,2-03-06-01,专业技术人员,,shou-yi-cong-shi-chong-wu-ji-bing-zhen-duan,19200,230400,大专,1-3年,,435899,4,萎缩,行业报告估算,
宠物医师,2-03-06-03,专业技术人员,,chong-wu-yi-shi,27354,328248,博士,不限,,334745,8,增长,行业报告估算,
畜牧技术人员,2-03-07-01,专业技术人员,,xu-mu-ji-shu-ren-yuan,13900,166800,本科,5年以上,,343402,14,缓慢,行业报告估算,
草业技术人员,2-03-07-02,专业技术人员,,cao-ye-ji-shu-ren-yuan,16500,198000,本科,5年以上,,419578,-4,快速,行业报告估算,
渔业资源开发利用技术人员,2-03-08-02,专业技术人员,,yu-ye-zi-yuan-kai-fa-li-yong-ji-shu-ren-yuan,18100,217200,大专,不限,,332533,3,萎缩,行业报告估算,
农业工程技术人员,2-03-09-00,专业技术人员,,nong-ye-gong-cheng-ji-shu-ren-yuan,13800,165600,大专,1-3年,,374574,17,缓慢,行业报告估算,
飞行驾驶员,2-04-01-01,专业技术人员,,fei-xing-jia-shi-yuan,61328,735936,本科,1-3年,,51314,13,缓慢,行业报告估算,
飞行领航员,2-04-01-03,专业技术人员,,fei-xing-ling-hang-yuan,74655,895860,本科,5年以上,,315903,12,缓慢,行业报告估算,
飞行通信员,2-04-01-04,专业技术人员,,fei-xing-tong-xin-yuan,67922,815064,大专,不限,,63428,11,稳定,行业报告估算,
轮机部技术人员,2-04-02-02,专业技术人员,,lun-ji-bu-ji-shu-ren-yuan,15700,188400,大专,3-5年,,341234,11,增长,行业报告估算,
儿科医师,2-05-01-03,专业技术人员,,er-ke-yi-shi,28147,337764,硕士,5年以上,,134630,14,增长,行业报告估算,
妇产科医师,2-05-01-04,专业技术人员,,fu-chan-ke-yi-shi,24816,297792,硕士,3-5年,,118035,17,萎缩,行业报告估算,
耳鼻咽喉科医师,2-05-01-06,专业技术人员,,er-bi-yan-hou-ke-yi-shi,25687,308244,博士,不限,,113020,-1,稳定,行业报告估算,
口腔科医师,2-05-01-07,专业技术人员,,kou-qiang-ke-yi-shi,26639,319668,博士,不限,,192653,14,增长,行业报告估算,
精神科医师,2-05-01-09,专业技术人员,,jing-shen-ke-yi-shi,28741,344892,博士,1-3年,,230547,-5,增长,行业报告估算,
急诊科医师,2-05-01-11,专业技术人员,,ji-zhen-ke-yi-shi,25732,308784,硕士,1-3年,,407874,17,增长,行业报告估算,
康复科医师,2-05-01-12,专业技术人员,,kang-fu-ke-yi-shi,25649,307788,博士,3-5年,,375713,14,稳定,行业报告估算,
麻醉科医师,2-05-01-13,专业技术人员,,ma-zui-ke-yi-shi,24396,292752,博士,5年以上,,365943,-2,缓慢,行业报告估算,
病理科医师,2-05-01-14,专业技术人员,,bing-li-ke-yi-shi,29101,349212,硕士,3-5年,,447652,6,萎缩,行业报告估算,
放射科医师,2-05-01-15,专业技术人员,,fang-she-ke-yi-shi,25723,308676,博士,3-5年,,159281,17,快速,行业报告估算,
核医学科医师,2-05-01-16,专业技术人员,,he-yi-xue-ke-yi-shi,31405,376860,硕士,1-3年,,36625,9,萎缩,行业报告估算,
超声科医师,2-05-01-17,专业技术人员,,chao-sheng-ke-yi-shi,31020,372240,博士,3-5年,,471172,3,缓慢,行业报告估算,
医学遗传科医师,2-05-01-20,专业技术人员,,yi-xue-yi-chuan-ke-yi-shi,24395,292740,硕士,1-3年,,167503,4,增长,行业报告估算,
妇幼保健医师,2-05-01-21,专业技术人员,,fu-you-bao-jian-yi-shi,25799,309588,硕士,1-3年,,410799,2,稳定,行业报告估算,
职业病科医师,2-05-01-25,专业技术人员,,zhi-ye-bing-ke-yi-shi,29419,353028,博士,不限,,30396,19,快速,行业报告估算,
中医妇科医师,2-05-02-03,专业技术人员,,zhong-yi-fu-ke-yi-shi,25599,307188,博士,3-5年,,293023,5,缓慢,行业报告估算,
中医儿科医师,2-05-02-04,专业技术人员,,zhong-yi-er-ke-yi-shi,24911,298932,博士,1-3年,,185659,18,稳定,行业报告估算,
中医眼科医师,2-05-02-05,专业技术人员,,zhong-yi-yan-ke-yi-shi,31658,379896,硕士,1-3年,,440514,-4,快速,行业报告估算,
中医骨伤科医师,2-05-02-07,专业技术人员,,zhong-yi-gu-shang-ke-yi-shi,28596,343152,硕士,5年以上,,49606,13,增长,行业报告估算,
中医肛肠科医师,2-05-02-08,专业技术人员,,zhong-yi-gang-chang-ke-yi-shi,27770,333240,硕士,1-3年,,345691,3,快速,行业报告估算,
中医耳鼻咽喉科医师,2-05-02-09,专业技术人员,,zhong-yi-er-bi-yan-hou-ke-yi-shi,30390,364680,博士,1-3年,,495886,3,快速,行业报告估算,
中医推拿医师,2-05-02-11,专业技术人员,,zhong-yi-tui-na-yi-shi,30582,366984,博士,不限,,407274,1,缓慢,行业报告估算,
中医营养医师,2-05-02-12,专业技术人员,,zhong-yi-ying-yang-yi-shi,25399,304788,硕士,1-3年,,41660,12,稳定,行业报告估算,
中医亚健康医师,2-05-02-16,专业技术人员,,zhong-yi-ya-jian-kang-yi-shi,24614,295368,硕士,不限,,288737,12,快速,行业报告估算,
中西医结合妇科医师,2-05-03-03,专业技术人员,,zhong-xi-yi-jie-he-fu-ke-yi-shi,27420,329040,博士,不限,,483773,3,萎缩,行业报告估算,
中西医结合儿科医师,2-05-03-04,专业技术人员,,zhong-xi-yi-jie-he-er-ke-yi-shi,27358,328296,硕士,5年以上,,177878,20,稳定,行业报告估算,
中西医结合骨伤科医师,2-05-03-05,专业技术人员,,zhong-xi-yi-jie-he-gu-shang-ke-yi-shi,27723,332676,硕士,5年以上,,147301,11,快速,行业报告估算,
中西医结合皮肤与性病科医师,2-05-03-07,专业技术人员,,zhong-xi-yi-jie-he-pi-fu-yu-xing-bing-ke-yi-shi,29924,359088,硕士,不限,,73018,20,缓慢,行业报告估算,
民族医医师,2-05-04-00,专业技术人员,,min-zu-yi-yi-shi,29456,353472,博士,3-5年,,378584,0,萎缩,行业报告估算,
健康教育医师,2-05-05-02,专业技术人员,,jian-kang-jiao-yu-yi-shi,32066,384792,硕士,不限,,14374,-2,快速,行业报告估算,
公共卫生医师,2-05-05-03,专业技术人员,,gong-gong-wei-sheng-yi-shi,24626,295512,博士,5年以上,,461781,-3,缓慢,行业报告估算,
中药师,2-05-06-02,专业技术人员,,zhong-yao-shi,15400,184800,高中/中专,5年以上,,79224,-4,萎缩,行业报告估算,
民族药师,2-05-06-03,专业技术人员,,min-zu-yao-shi,14900,178800,高中/中专,1-3年,,144179,-4,快速,行业报告估算,
影像技师,2-05-07-01,专业技术人员,,ying-xiang-ji-shi,19100,229200,高中/中专,5年以上,,131497,6,稳定,行业报告估算,
口腔医学技师,2-05-07-02,专业技术人员,,kou-qiang-yi-xue-ji-shi,18900,226800,硕士,5年以上,,117938,8,萎缩,行业报告估算,
病理技师,2-05-07-03,专业技术人员,,bing-li-ji-shi,13700,164400,初中及以下,5年以上,,404560,-3,快速,行业报告估算,
卫生工程技师,2-05-07-06,专业技术人员,,wei-sheng-gong-cheng-ji-shi,15800,189600,高中/中专,3-5年,,425561,8,稳定,行业报告估算,
输血技师,2-05-07-07,专业技术人员,,shu-xue-ji-shi,15600,187200,本科,5年以上,,363070,19,快速,行业报告估算,
临床营养技师,2-05-07-08,专业技术人员,,lin-chuang-ying-yang-ji-shi,14400,172800,本科,3-5年,,238787,20,增长,行业报告估算,
神经电生理脑电图技师,2-05-07-12,专业技术人员,,shen-jing-dian-sheng-li-nao-dian-tu-ji-shi,14200,170400,硕士,5年以上,,159651,-4,快速,行业报告估算,
心理治疗技师,2-05-07-13,专业技术人员,,xin-li-zhi-liao-ji-shi,19600,235200,高中/中专,1-3年,,93908,5,萎缩,行业报告估算,
内科护士,2-05-08-01,专业技术人员,,nei-ke-hu-shi,15700,188400,本科,5年以上,,16745,9,增长,行业报告估算,
儿科护士,2-05-08-02,专业技术人员,,er-ke-hu-shi,19100,229200,本科,1-3年,,404004,3,快速,行业报告估算,
急诊护士,2-05-08-03,专业技术人员,,ji-zhen-hu-shi,16600,199200,博士,不限,,345089,7,萎缩,行业报告估算,
助产士,2-05-08-06,专业技术人员,,zhu-chan-shi,12600,151200,大专,不限,,440749,-5,稳定,行业报告估算,
口腔科护士,2-05-08-07,专业技术人员,,kou-qiang-ke-hu-shi,20200,242400,本科,1-3年,,49570,3,缓慢,行业报告估算,
乡村医生,2-05-09-00,专业技术人员,,xiang-cun-yi-sheng,28621,343452,高中/中专,1-3年,,462315,19,增长,行业报告估算,
经济规划专业人员,2-06-01-01,专业技术人员,,jing-ji-gui-hua-zhuan-ye-ren-yuan,20000,240000,本科,5年以上,,51624,20,萎缩,行业报告估算,
易货经济专业人员,2-06-01-04,专业技术人员,,yi-huo-jing-ji-zhuan-ye-ren-yuan,19700,236400,本科,5年以上,,162541,13,缓慢,行业报告估算,
统计专业人员,2-06-02-00,专业技术人员,,tong-ji-zhuan-ye-ren-yuan,19000,228000,大专,1-3年,,252543,20,快速,行业报告估算,
审计专业人员,2-06-04-00,专业技术人员,,shen-ji-zhuan-ye-ren-yuan,22497,269964,本科,5年以上,,318843,13,稳定,行业报告估算,
税务专业人员,2-06-05-00,专业技术人员,,shui-wu-zhuan-ye-ren-yuan,23896,286752,本科,5年以上,,349290,13,增长,行业报告估算,
房地产估价专业人员,2-06-06-02,专业技术人员,,fang-di-chan-gu-jia-zhuan-ye-ren-yuan,13900,166800,大专,3-5年,,243180,8,稳定,行业报告估算,
森林资源评估专业人员,2-06-06-03,专业技术人员,,sen-lin-zi-yuan-ping-gu-zhuan-ye-ren-yuan,25228,302736,大专,3-5年,,81350,19,缓慢,行业报告估算,
矿业权评估专业人员,2-06-06-04,专业技术人员,,kuang-ye-quan-ping-gu-zhuan-ye-ren-yuan,22557,270684,大专,不限,,204244,20,稳定,行业报告估算,
国际商务专业人员,2-06-07-01,专业技术人员,,guo-ji-shang-wu-zhuan-ye-ren-yuan,15200,182400,本科,5年以上,,207706,-2,快速,行业报告估算,
市场营销专业人员,2-06-07-02,专业技术人员,,shi-chang-ying-xiao-zhuan-ye-ren-yuan,22400,268800,大专,5年以上,,403822,0,稳定,行业报告估算,
房地产开发专业人员,2-06-07-06,专业技术人员,,fang-di-chan-kai-fa-zhuan-ye-ren-yuan,14300,171600,大专,3-5年,,407676,4,快速,行业报告估算,
医药代表,2-06-07-07,专业技术人员,,yi-yao-dai-biao,18500,222000,高中/中专,3-5年,,149128,-5,萎缩,行业报告估算,
管理咨询专业人员,2-06-07-08,专业技术人员,,guan-li-zi-xun-zhuan-ye-ren-yuan,22500,270000,本科,5年以上,,419520,9,缓慢,行业报告估算,
经纪与代理专业人员,2-06-07-11,专业技术人员,,jing-ji-yu-dai-li-zhuan-ye-ren-yuan,15600,187200,大专,1-3年,,179182,17,增长,行业报告估算,
报关人员,2-06-07-12,专业技术人员,,bao-guan-ren-yuan,19900,238800,大专,1-3年,,354661,14,稳定,行业报告估算,
企业合规师,2-06-07-14,专业技术人员,,qi-ye-he-gui-shi,20200,242400,硕士,3-5年,,198666,-2,快速,行业报告估算,
招标采购专业人员,2-06-07-15,专业技术人员,,zhao-biao-cai-gou-zhuan-ye-ren-yuan,16700,200400,本科,不限,,283143,-5,萎缩,行业报告估算,
技术经理人,2-06-07-16,专业技术人员,,ji-shu-jing-li-ren,18000,216000,本科,3-5年,,255791,10,增长,行业报告估算,
人力资源管理专业人员,2-06-08-01,专业技术人员,,ren-li-zi-yuan-guan-li-zhuan-ye-ren-yuan,15600,187200,大专,不限,,154336,1,增长,行业报告估算,
人力资源服务专业人员,2-06-08-02,专业技术人员,,ren-li-zi-yuan-fu-wu-zhuan-ye-ren-yuan,17000,204000,本科,5年以上,,292254,18,增长,行业报告估算,
银行国库业务专业人员,2-06-09-01,专业技术人员,,yin-hang-guo-ku-ye-wu-zhuan-ye-ren-yuan,25093,301116,大专,不限,,151035,10,稳定,行业报告估算,
银行清算专业人员,2-06-09-03,专业技术人员,,yin-hang-qing-suan-zhuan-ye-ren-yuan,22522,270264,大专,5年以上,,355146,-2,萎缩,行业报告估算,
公司金融顾问,2-06-09-06,专业技术人员,,gong-si-jin-rong-gu-wen,28354,340248,大专,1-3年,,365619,16,增长,行业报告估算,
保险核保专业人员,2-06-10-02,专业技术人员,,bao-xian-he-bao-zhuan-ye-ren-yuan,22300,267600,本科,5年以上,,405858,4,稳定,行业报告估算,
保险理赔专业人员,2-06-10-03,专业技术人员,,bao-xian-li-pei-zhuan-ye-ren-yuan,15400,184800,大专,5年以上,,40506,14,增长,行业报告估算,
证券交易专业人员,2-06-11-02,专业技术人员,,zheng-quan-jiao-yi-zhuan-ye-ren-yuan,35883,430596,大专,5年以上,,381982,-3,稳定,行业报告估算,
证券投资专业人员,2-06-11-03,专业技术人员,,zheng-quan-tou-zi-zhuan-ye-ren-yuan,32027,384324,大专,不限,,496769,5,缓慢,行业报告估算,
基金专业人员,2-06-11-07,专业技术人员,,ji-jin-zhuan-ye-ren-yuan,32800,393600,本科,3-5年,,283866,15,增长,行业报告估算,
专利管理专业人员,2-06-12-03,专业技术人员,,zhuan-li-guan-li-zhuan-ye-ren-yuan,13400,160800,本科,不限,,213274,-3,缓慢,行业报告估算,
知识产权信息分析专业人员,2-06-12-04,专业技术人员,,zhi-shi-chan-quan-xin-xi-fen-xi-zhuan-ye-ren-yuan,28455,341460,大专,5年以上,,220701,5,缓慢,行业报告估算,
版权专业人员,2-06-12-05,专业技术人员,,ban-quan-zhuan-ye-ren-yuan,12800,153600,本科,1-3年,,426394,-2,缓慢,行业报告估算,
商标管理专业人员,2-06-12-08,专业技术人员,,shang-biao-guan-li-zhuan-ye-ren-yuan,13700,164400,大专,5年以上,,442056,12,快速,行业报告估算,
医保经办专业人员,2-06-13-00,专业技术人员,,yi-bao-jing-ban-zhuan-ye-ren-yuan,17000,204000,大专,5年以上,,238412,2,增长,行业报告估算,
法官,2-07-02-00,专业技术人员,,fa-guan,17600,211200,不限,1-3年,,55389,11,萎缩,行业报告估算,
检察官,2-07-03-00,专业技术人员,,jian-cha-guan,14100,169200,高中/中专,不限,,17617,10,快速,行业报告估算,
律师,2-07-04-00,专业技术人员,,lv-shi,28350,340200,博士,不限,,412252,19,缓慢,行业报告估算,
公证员,2-07-05-00,专业技术人员,,gong-zheng-yuan,19400,232800,大专,不限,,127297,18,缓慢,行业报告估算,
审判辅助人员,2-07-07-00,专业技术人员,,shen-pan-fu-zhu-ren-yuan,14100,169200,本科,不限,,294127,6,稳定,行业报告估算,
法律顾问,2-07-08-00,专业技术人员,,fa-lv-gu-wen,25400,304800,本科,5年以上,,330949,1,稳定,行业报告估算,
社会工作者,2-07-10-01,专业技术人员,,she-hui-gong-zuo-zhe,17200,206400,高中/中专,3-5年,,304468,17,萎缩,行业报告估算,
社会组织专业人员,2-07-10-02,专业技术人员,,she-hui-zu-zhi-zhuan-ye-ren-yuan,15500,186000,本科,5年以上,,311271,3,萎缩,行业报告估算,
普通高等学校教师,2-08-01-01,专业技术人员,,pu-tong-gao-deng-xue-xiao-jiao-shi,16900,202800,本科,3-5年,,466534,8,增长,行业报告估算,
高级中学教师,2-08-02-01,专业技术人员,,gao-ji-zhong-xue-jiao-shi,24600,295200,本科,3-5年,,127629,13,快速,行业报告估算,
中等职业学校教师,2-08-02-02,专业技术人员,,zhong-deng-zhi-ye-xue-xiao-jiao-shi,19700,236400,不限,不限,,167845,20,萎缩,行业报告估算,
文学作家,2-09-01-01,专业技术人员,,wen-xue-zuo-jia,13800,165600,本科,不限,,115306,7,稳定,行业报告估算,
曲艺作家,2-09-01-02,专业技术人员,,qu-yi-zuo-jia,18000,216000,初中及以下,5年以上,,491931,17,增长,行业报告估算,
剧作家,2-09-01-03,专业技术人员,,ju-zuo-jia,14100,169200,本科,不限,,195553,8,快速,行业报告估算,
舞蹈编导,2-09-01-07,专业技术人员,,wu-dao-bian-dao,15400,184800,本科,1-3年,,341977,10,缓慢,行业报告估算,
舞美设计,2-09-01-08,专业技术人员,,wu-mei-she-ji,23133,277596,初中及以下,不限,,79983,20,缓慢,行业报告估算,
电影电视演员,2-09-02-02,专业技术人员,,dian-ying-dian-shi-yan-yuan,14600,175200,本科,3-5年,,461574,18,萎缩,行业报告估算,
戏剧戏曲演员,2-09-02-03,专业技术人员,,xi-ju-xi-qu-yan-yuan,14700,176400,本科,3-5年,,366448,1,萎缩,行业报告估算,
舞蹈演员,2-09-02-04,专业技术人员,,wu-dao-yan-yuan,18200,218400,大专,5年以上,,447978,0,快速,行业报告估算,
皮影戏木偶戏演员,2-09-02-08,专业技术人员,,pi-ying-xi-mu-ou-xi-yan-yuan,12700,152400,本科,5年以上,,462846,2,缓慢,行业报告估算,
民族乐器演奏员,2-09-02-09,专业技术人员,,min-zu-yue-qi-yan-zou-yuan,15900,190800,大专,不限,,413146,14,快速,行业报告估算,
电影电视场记,2-09-03-02,专业技术人员,,dian-ying-dian-shi-chang-ji,20200,242400,大专,1-3年,,494676,12,缓慢,行业报告估算,
电影电视摄影师,2-09-03-03,专业技术人员,,dian-ying-dian-shi-she-ying-shi,20200,242400,高中/中专,不限,,292671,2,萎缩,行业报告估算,
电影电视片发行人,2-09-03-04,专业技术人员,,dian-ying-dian-shi-pian-fa-xing-ren,12700,152400,本科,1-3年,,342291,-1,快速,行业报告估算,
电视导播,2-09-03-05,专业技术人员,,dian-shi-dao-bo,13900,166800,本科,3-5年,,180606,3,增长,行业报告估算,
剪辑师,2-09-03-06,专业技术人员,,jian-ji-shi,14300,171600,高中/中专,不限,,172665,-1,增长,行业报告估算,
灯光师,2-09-04-01,专业技术人员,,deng-guang-shi,19700,236400,高中/中专,5年以上,,480925,-2,快速,行业报告估算,
服装道具师,2-09-04-06,专业技术人员,,fu-zhuang-dao-ju-shi,19300,231600,本科,1-3年,,41491,17,萎缩,行业报告估算,
演出监督,2-09-04-07,专业技术人员,,yan-chu-jian-du,19300,231600,本科,1-3年,,494433,-2,萎缩,行业报告估算,
篆刻家,2-09-05-02,专业技术人员,,zhuan-ke-jia,15100,181200,高中/中专,不限,,193191,14,快速,行业报告估算,
雕塑家,2-09-05-03,专业技术人员,,diao-su-jia,13400,160800,高中/中专,3-5年,,401938,6,稳定,行业报告估算,
书法家,2-09-05-04,专业技术人员,,shu-fa-jia,18900,226800,高中/中专,1-3年,,22936,1,缓慢,行业报告估算,
服装设计人员,2-09-06-02,专业技术人员,,fu-zhuang-she-ji-ren-yuan,23343,280116,大专,3-5年,,78263,8,快速,行业报告估算,
动画设计人员,2-09-06-03,专业技术人员,,dong-hua-she-ji-ren-yuan,22737,272844,本科,5年以上,,467309,1,缓慢,行业报告估算,
环境设计人员,2-09-06-04,专业技术人员,,huan-jing-she-ji-ren-yuan,25215,302580,本科,3-5年,,482812,-5,稳定,行业报告估算,
工艺美术专业人员,2-09-06-06,专业技术人员,,gong-yi-mei-shu-zhuan-ye-ren-yuan,17400,208800,大专,3-5年,,447401,-1,增长,行业报告估算,
数字媒体艺术专业人员,2-09-06-07,专业技术人员,,shu-zi-mei-ti-yi-shu-zhuan-ye-ren-yuan,12900,154800,本科,3-5年,,362618,-2,快速,行业报告估算,
公共艺术专业人员,2-09-06-08,专业技术人员,,gong-gong-yi-shu-zhuan-ye-ren-yuan,18800,225600,本科,不限,,279796,11,萎缩,行业报告估算,
教练员,2-09-07-01,专业技术人员,,jiao-lian-yuan,14600,175200,本科,3-5年,,395078,2,萎缩,行业报告估算,
裁判员,2-09-07-02,专业技术人员,,cai-pan-yuan,17500,210000,本科,3-5年,,33978,4,稳定,行业报告估算,
运动员,2-09-07-03,专业技术人员,,yun-dong-yuan,19800,237600,大专,1-3年,,418399,1,快速,行业报告估算,
文字记者,2-10-01-01,专业技术人员,,wen-zi-ji-zhe,13200,158400,大专,不限,,350966,18,快速,行业报告估算,
文字编辑,2-10-02-01,专业技术人员,,wen-zi-bian-ji,13100,157200,硕士,3-5年,,48601,10,稳定,行业报告估算,
美术编辑,2-10-02-02,专业技术人员,,mei-shu-bian-ji,13000,156000,硕士,3-5年,,12897,15,快速,行业报告估算,
技术编辑,2-10-02-03,专业技术人员,,ji-shu-bian-ji,16600,199200,高中/中专,不限,,192406,-3,稳定,行业报告估算,
数字出版编辑,2-10-02-04,专业技术人员,,shu-zi-chu-ban-bian-ji,14400,172800,大专,3-5年,,274732,-5,增长,行业报告估算,
网络编辑,2-10-02-05,专业技术人员,,wang-luo-bian-ji,25600,307200,大专,5年以上,,117830,15,快速,行业报告估算,
校对员,2-10-03-00,专业技术人员,,jiao-dui-yuan,18000,216000,本科,5年以上,,325269,11,增长,行业报告估算,
言文字间信息转换的专业人员,2-10-04-01,专业技术人员,,yan-wen-zi-jian-xin-xi-zhuan-huan-de-zhuan-ye-ren-yuan,22776,273312,本科,不限,,46780,12,增长,行业报告估算,
主要工作任务,2-10-04-02,专业技术人员,,zhu-yao-gong-zuo-ren-wu,8600,103200,初中及以下,3-5年,,34729,14,增长,行业报告估算,
翻译,2-10-05-01,专业技术人员,,fan-yi,15100,181200,大专,5年以上,,69212,16,缓慢,行业报告估算,
手语翻译,2-10-05-02,专业技术人员,,shou-yu-fan-yi,17000,204000,大专,3-5年,,250253,-2,增长,行业报告估算,
文献信息专业人员,2-10-06-01,专业技术人员,,wen-xian-xin-xi-zhuan-ye-ren-yuan,28040,336480,本科,5年以上,,371296,5,萎缩,行业报告估算,
考古专业人员,2-10-08-01,专业技术人员,,kao-gu-zhuan-ye-ren-yuan,19000,228000,大专,5年以上,,346667,-4,萎缩,行业报告估算,
不可移动文物保护专业人员,2-10-08-04,专业技术人员,,bu-ke-yi-dong-wen-wu-bao-hu-zhuan-ye-ren-yuan,12900,154800,本科,3-5年,,134772,15,增长,行业报告估算,
文物展陈专业人员,2-10-08-05,专业技术人员,,wen-wu-zhan-chen-zhuan-ye-ren-yuan,15600,187200,大专,不限,,298161,9,增长,行业报告估算,
行政办事员,3-01-01-01,办事人员和有关人员,,xing-zheng-ban-shi-yuan,8000,96000,本科,1-3年,,344443,-1,稳定,行业报告估算,
政务服务办事员,3-01-01-02,办事人员和有关人员,,zheng-wu-fu-wu-ban-shi-yuan,6800,81600,大专,1-3年,,478803,5,稳定,行业报告估算,
统计调查员,3-01-01-03,办事人员和有关人员,,tong-ji-diao-cha-yuan,10200,122400,大专,5年以上,,120091,17,增长,行业报告估算,
社团会员管理员,3-01-01-04,办事人员和有关人员,,she-tuan-hui-yuan-guan-li-yuan,9600,115200,大专,1-3年,,476831,11,萎缩,行业报告估算,
机要员,3-01-02-01,办事人员和有关人员,,ji-yao-yuan,7900,94800,大专,不限,,454227,-2,稳定,行业报告估算,
速录师,3-01-02-06,办事人员和有关人员,,su-lu-shi,10100,121200,不限,3-5年,,194369,-2,稳定,行业报告估算,
制图员,3-01-02-07,办事人员和有关人员,,zhi-tu-yuan,9200,110400,本科,1-3年,,102742,8,缓慢,行业报告估算,
后勤管理员,3-01-02-08,办事人员和有关人员,,hou-qin-guan-li-yuan,8700,104400,本科,3-5年,,25948,14,稳定,行业报告估算,
农村土地承包仲裁员,3-01-03-03,办事人员和有关人员,,nong-cun-tu-di-cheng-bao-zhong-cai-yuan,6800,81600,大专,5年以上,,462449,5,缓慢,行业报告估算,
城市管理网格员,3-01-04-02,办事人员和有关人员,,cheng-shi-guan-li-wang-ge-yuan,7100,85200,大专,3-5年,,382644,2,增长,行业报告估算,
劳动保障协理员,3-01-04-03,办事人员和有关人员,,lao-dong-bao-zhang-xie-li-yuan,10700,128400,本科,1-3年,,387864,20,缓慢,行业报告估算,
退役军人事务员,3-01-04-04,办事人员和有关人员,,tui-yi-jun-ren-shi-wu-yuan,10800,129600,大专,5年以上,,190889,10,增长,行业报告估算,
人民警察,3-02-01-00,办事人员和有关人员,,ren-min-jing-cha,9200,110400,本科,3-5年,,152610,20,快速,行业报告估算,
保卫管理员,3-02-02-00,办事人员和有关人员,,bao-wei-guan-li-yuan,10500,126000,本科,不限,,10661,15,稳定,行业报告估算,
辅警 本小类包括下列职业,3-02-02-02,办事人员和有关人员,,fu-jing-ben-xiao-lei-bao-kuo-xia-lie-zhi-ye,9400,112800,本科,5年以上,,408818,0,快速,行业报告估算,
消防指挥员,3-02-03-02,办事人员和有关人员,,xiao-fang-zhi-hui-yuan,7400,88800,本科,3-5年,,232069,1,增长,行业报告估算,
消防装备管理员,3-02-03-03,办事人员和有关人员,,xiao-fang-zhuang-bei-guan-li-yuan,7300,87600,大专,不限,,410516,-3,稳定,行业报告估算,
消防监督检查员,3-02-03-05,办事人员和有关人员,,xiao-fang-jian-du-jian-cha-yuan,8100,97200,本科,5年以上,,114426,13,增长,行业报告估算,
森林消防员,3-02-03-06,办事人员和有关人员,,sen-lin-xiao-fang-yuan,10800,129600,本科,1-3年,,136090,6,稳定,行业报告估算,
森林火情瞭望观察员,3-02-03-07,办事人员和有关人员,,sen-lin-huo-qing-liao-wang-guan-cha-yuan,10300,123600,本科,1-3年,,311601,6,缓慢,行业报告估算,
仲裁员,3-03-01-01,办事人员和有关人员,,zhong-cai-yuan,10600,127200,本科,不限,,409975,-5,缓慢,行业报告估算,
采购员,4-01-01-00,社会生产服务和生活服务人员,,cai-gou-yuan,8600,103200,大专,3-5年,,179094,14,稳定,行业报告估算,
连锁经营管理师,4-01-02-06,社会生产服务和生活服务人员,,lian-suo-jing-ying-guan-li-shi,6200,74400,高中/中专,不限,,254840,-4,快速,行业报告估算,
粮油竞价交易员,4-01-03-02,社会生产服务和生活服务人员,,liang-you-jing-jia-jiao-yi-yuan,27745,332940,本科,1-3年,,243152,-4,稳定,行业报告估算,
易货师,4-01-03-03,社会生产服务和生活服务人员,,yi-huo-shi,5800,69600,高中/中专,1-3年,,221290,-5,缓慢,行业报告估算,
农产品购销员,4-01-05-01,社会生产服务和生活服务人员,,nong-chan-pin-gou-xiao-yuan,8200,98400,本科,1-3年,,52204,18,增长,行业报告估算,
烟草制品购销员,4-01-05-04,社会生产服务和生活服务人员,,yan-cao-zhi-pin-gou-xiao-yuan,8600,103200,大专,不限,,192950,0,增长,行业报告估算,
互联网营销师,4-01-06-02,社会生产服务和生活服务人员,,hu-lian-wang-ying-xiao-shi,11100,133200,初中及以下,1-3年,,455324,17,稳定,行业报告估算,
轨道交通列车司机,4-02-01-01,社会生产服务和生活服务人员,,gui-dao-jiao-tong-lie-che-si-ji,7600,91200,初中及以下,不限,,450517,-5,萎缩,行业报告估算,
铁路列车乘务员,4-02-01-02,社会生产服务和生活服务人员,,tie-lu-lie-che-cheng-wu-yuan,6000,72000,本科,5年以上,,483142,-3,稳定,行业报告估算,
铁路车站客运服务员,4-02-01-03,社会生产服务和生活服务人员,,tie-lu-che-zhan-ke-yun-fu-wu-yuan,8700,104400,大专,不限,,889445,9,稳定,行业报告估算,
轨道交通调度员,4-02-01-06,社会生产服务和生活服务人员,,gui-dao-jiao-tong-diao-du-yuan,8500,102000,大专,1-3年,,218214,15,缓慢,行业报告估算,
城市轨道交通服务员,4-02-01-07,社会生产服务和生活服务人员,,cheng-shi-gui-dao-jiao-tong-fu-wu-yuan,8900,106800,本科,1-3年,,192474,4,稳定,行业报告估算,
道路货运汽车驾驶员,4-02-02-02,社会生产服务和生活服务人员,,dao-lu-huo-yun-qi-che-jia-shi-yuan,8800,105600,大专,不限,,204118,-3,缓慢,行业报告估算,
道路客运服务员,4-02-02-03,社会生产服务和生活服务人员,,dao-lu-ke-yun-fu-wu-yuan,8600,103200,大专,1-3年,,878057,19,快速,行业报告估算,
道路运输调度员,4-02-02-05,社会生产服务和生活服务人员,,dao-lu-yun-shu-diao-du-yuan,5500,66000,本科,5年以上,,357090,16,萎缩,行业报告估算,
机动车驾驶教练员,4-02-02-07,社会生产服务和生活服务人员,,ji-dong-che-jia-shi-jiao-lian-yuan,8100,97200,本科,5年以上,,80956,9,稳定,行业报告估算,
油气电站操作员,4-02-02-08,社会生产服务和生活服务人员,,you-qi-dian-zhan-cao-zuo-yuan,6600,79200,大专,不限,,267674,0,快速,行业报告估算,
船舶业务员,4-02-03-02,社会生产服务和生活服务人员,,chuan-bo-ye-wu-yuan,8800,105600,大专,不限,,488523,3,缓慢,行业报告估算,
港口客运员,4-02-03-03,社会生产服务和生活服务人员,,gang-kou-ke-yun-yuan,8300,99600,大专,不限,,330004,-3,快速,行业报告估算,
民航乘务员,4-02-04-01,社会生产服务和生活服务人员,,min-hang-cheng-wu-yuan,8500,102000,大专,3-5年,,12435,-2,增长,行业报告估算,
航空安全员,4-02-04-04,社会生产服务和生活服务人员,,hang-kong-an-quan-yuan,8300,99600,大专,1-3年,,78564,19,快速,行业报告估算,
机场场务员,4-02-04-05,社会生产服务和生活服务人员,,ji-chang-chang-wu-yuan,6400,76800,本科,1-3年,,338158,12,萎缩,行业报告估算,
客运售票员,4-02-05-02,社会生产服务和生活服务人员,,ke-yun-shou-piao-yuan,8200,98400,大专,1-3年,,439476,6,缓慢,行业报告估算,
货运代理服务员,4-02-05-03,社会生产服务和生活服务人员,,huo-yun-dai-li-fu-wu-yuan,5800,69600,本科,1-3年,,840050,-5,萎缩,行业报告估算,
理货员,4-02-06-02,社会生产服务和生活服务人员,,li-huo-yuan,8500,102000,本科,不限,,478831,10,稳定,行业报告估算,
供应链管理师,4-02-06-05,社会生产服务和生活服务人员,,gong-ying-lian-guan-li-shi,8500,102000,本科,5年以上,,305309,14,稳定,行业报告估算,
邮件分拣员,4-02-07-02,社会生产服务和生活服务人员,,you-jian-fen-jian-yuan,6200,74400,大专,5年以上,,241672,10,萎缩,行业报告估算,
邮件转运员,4-02-07-03,社会生产服务和生活服务人员,,you-jian-zhuan-yun-yuan,8300,99600,本科,不限,,447506,15,稳定,行业报告估算,
集邮业务员,4-02-07-06,社会生产服务和生活服务人员,,ji-you-ye-wu-yuan,7100,85200,本科,3-5年,,476033,10,稳定,行业报告估算,
邮政市场业务员,4-02-07-07,社会生产服务和生活服务人员,,you-zheng-shi-chang-ye-wu-yuan,7200,86400,本科,1-3年,,90718,5,缓慢,行业报告估算,
快件处理员,4-02-07-09,社会生产服务和生活服务人员,,kuai-jian-chu-li-yuan,8300,99600,大专,1-3年,,241147,-4,快速,行业报告估算,
国际快递业务师,4-02-07-10,社会生产服务和生活服务人员,,guo-ji-kuai-di-ye-wu-shi,6200,74400,本科,3-5年,,231412,18,稳定,行业报告估算,
前厅服务员,4-03-01-01,社会生产服务和生活服务人员,,qian-ting-fu-wu-yuan,5500,66000,大专,不限,,406180,-3,增长,行业报告估算,
客房服务员,4-03-01-02,社会生产服务和生活服务人员,,ke-fang-fu-wu-yuan,6100,73200,本科,5年以上,,684619,-4,快速,行业报告估算,
中式烹调师,4-03-02-01,社会生产服务和生活服务人员,,zhong-shi-peng-tiao-shi,6600,79200,大专,1-3年,,225171,10,快速,行业报告估算,
西式面点师,4-03-02-04,社会生产服务和生活服务人员,,xi-shi-mian-dian-shi,8500,102000,本科,3-5年,,438408,-2,萎缩,行业报告估算,
餐厅服务员,4-03-02-05,社会生产服务和生活服务人员,,can-ting-fu-wu-yuan,8900,106800,本科,不限,,1087652,-5,增长,行业报告估算,
营养配餐员,4-03-02-06,社会生产服务和生活服务人员,,ying-yang-pei-can-yuan,6400,76800,大专,5年以上,,464110,16,缓慢,行业报告估算,
调酒师,4-03-02-09,社会生产服务和生活服务人员,,diao-jiu-shi,7700,92400,本科,不限,,141888,8,快速,行业报告估算,
调饮师,4-03-02-10,社会生产服务和生活服务人员,,diao-yin-shi,6800,81600,硕士,1-3年,,199878,-4,快速,行业报告估算,
宴会定制服务师,4-03-02-13,社会生产服务和生活服务人员,,yan-hui-ding-zhi-fu-wu-shi,8900,106800,本科,5年以上,,171422,3,增长,行业报告估算,
信息通信营业员,4-04-01-01,社会生产服务和生活服务人员,,xin-xi-tong-xin-ying-ye-yuan,25271,303252,大专,5年以上,,236659,18,萎缩,行业报告估算,
信息通信业务员,4-04-01-02,社会生产服务和生活服务人员,,xin-xi-tong-xin-ye-wu-yuan,28294,339528,大专,3-5年,,71277,-5,缓慢,行业报告估算,
信息通信网络线务员,4-04-02-02,社会生产服务和生活服务人员,,xin-xi-tong-xin-wang-luo-xian-wu-yuan,22115,265380,大专,不限,,70433,0,萎缩,行业报告估算,
信息通信网络动力机务员,4-04-02-03,社会生产服务和生活服务人员,,xin-xi-tong-xin-wang-luo-dong-li-ji-wu-yuan,28528,342336,大专,5年以上,,363628,-1,稳定,行业报告估算,
广播电视天线工,4-04-03-01,社会生产服务和生活服务人员,,guang-bo-dian-shi-tian-xian-gong,6000,72000,不限,5年以上,,487425,-3,缓慢,行业报告估算,
信息通信网络运行管理员,4-04-04-01,社会生产服务和生活服务人员,,xin-xi-tong-xin-wang-luo-yun-xing-guan-li-yuan,28469,341628,本科,1-3年,,388216,11,萎缩,行业报告估算,
网络与信息安全管理员,4-04-04-02,社会生产服务和生活服务人员,,wang-luo-yu-xin-xi-an-quan-guan-li-yuan,23240,278880,大专,3-5年,,267169,-2,快速,行业报告估算,
信息安全测试员,4-04-04-04,社会生产服务和生活服务人员,,xin-xi-an-quan-ce-shi-yuan,22063,264756,大专,1-3年,,485472,19,缓慢,行业报告估算,
数字化解决方案设计师,4-04-04-05,社会生产服务和生活服务人员,,shu-zi-hua-jie-jue-fang-an-she-ji-shi,21568,258816,本科,1-3年,,256830,1,萎缩,行业报告估算,
计算机程序设计员,4-04-05-01,社会生产服务和生活服务人员,,ji-suan-ji-cheng-xu-she-ji-yuan,23508,282096,本科,5年以上,,210797,18,萎缩,行业报告估算,
计算机软件测试员,4-04-05-02,社会生产服务和生活服务人员,,ji-suan-ji-ruan-jian-ce-shi-yuan,11200,134400,本科,1-3年,,130093,4,快速,行业报告估算,
人工智能训练师,4-04-05-05,社会生产服务和生活服务人员,,ren-gong-zhi-neng-xun-lian-shi,46433,557196,高中/中专,不限,,345631,9,萎缩,行业报告估算,
区块链应用操作员,4-04-05-06,社会生产服务和生活服务人员,,qu-kuai-lian-ying-yong-cao-zuo-yuan,35119,421428,大专,3-5年,,438096,11,快速,行业报告估算,
服务机器人应用技术员,4-04-05-07,社会生产服务和生活服务人员,,fu-wu-ji-qi-ren-ying-yong-ji-shu-yuan,6800,81600,大专,不限,,39044,5,增长,行业报告估算,
数字孪生应用技术员,4-04-05-10,社会生产服务和生活服务人员,,shu-zi-luan-sheng-ying-yong-ji-shu-yuan,7500,90000,大专,3-5年,,98456,15,稳定,行业报告估算,
银行综合柜员,4-05-01-01,社会生产服务和生活服务人员,,yin-hang-zong-he-gui-yuan,20381,244572,大专,不限,,278959,-2,萎缩,行业报告估算,
银行信贷员,4-05-01-02,社会生产服务和生活服务人员,,yin-hang-xin-dai-yuan,23377,280524,大专,3-5年,,61062,20,增长,行业报告估算,
银行信用卡业务员,4-05-01-04,社会生产服务和生活服务人员,,yin-hang-xin-yong-ka-ye-wu-yuan,18711,224532,大专,5年以上,,400674,11,快速,行业报告估算,
保险代理人,4-05-03-01,社会生产服务和生活服务人员,,bao-xian-dai-li-ren,10700,128400,不限,3-5年,,282515,-1,增长,行业报告估算,
保险保全员,4-05-03-02,社会生产服务和生活服务人员,,bao-xian-bao-quan-yuan,9000,108000,本科,3-5年,,346139,6,稳定,行业报告估算,
保险公估人,4-05-03-03,社会生产服务和生活服务人员,,bao-xian-gong-gu-ren,9800,117600,硕士,不限,,344300,0,萎缩,行业报告估算,
鉴定估价师,4-05-04-02,社会生产服务和生活服务人员,,jian-ding-gu-jia-shi,8100,97200,本科,3-5年,,259862,-1,稳定,行业报告估算,
信托业务员,4-05-05-01,社会生产服务和生活服务人员,,xin-tuo-ye-wu-yuan,7800,93600,大专,不限,,254481,10,萎缩,行业报告估算,
物业管理师,4-06-01-01,社会生产服务和生活服务人员,,wu-ye-guan-li-shi,6700,80400,高中/中专,1-3年,,174794,17,增长,行业报告估算,
智能楼宇管理员,4-06-01-04,社会生产服务和生活服务人员,,zhi-neng-lou-yu-guan-li-yuan,5700,68400,本科,1-3年,,189483,3,萎缩,行业报告估算,
房地产策划师,4-06-02-02,社会生产服务和生活服务人员,,fang-di-chan-ce-hua-shi,7800,93600,本科,5年以上,,289576,5,快速,行业报告估算,
拍卖服务师,4-07-01-02,社会生产服务和生活服务人员,,pai-mai-fu-wu-shi,6600,79200,本科,3-5年,,119316,16,缓慢,行业报告估算,
风险管理师,4-07-02-01,社会生产服务和生活服务人员,,feng-xian-guan-li-shi,6500,78000,博士,5年以上,,334049,2,缓慢,行业报告估算,
客户服务管理员,4-07-02-03,社会生产服务和生活服务人员,,ke-hu-fu-wu-guan-li-yuan,8500,102000,本科,3-5年,,65239,5,增长,行业报告估算,
信用管理师,4-07-02-04,社会生产服务和生活服务人员,,xin-yong-guan-li-shi,8000,96000,大专,1-3年,,314919,0,缓慢,行业报告估算,
职业指导师,4-07-03-01,社会生产服务和生活服务人员,,zhi-ye-zhi-dao-shi,6500,78000,硕士,1-3年,,230166,7,增长,行业报告估算,
企业人力资源管理师,4-07-03-04,社会生产服务和生活服务人员,,qi-ye-ren-li-zi-yuan-guan-li-shi,7600,91200,硕士,3-5年,,354223,-5,萎缩,行业报告估算,
职业培训师,4-07-03-05,社会生产服务和生活服务人员,,zhi-ye-pei-xun-shi,7300,87600,硕士,1-3年,,368426,19,缓慢,行业报告估算,
导游 境外滞留不归等情况,4-07-04-01,社会生产服务和生活服务人员,,dao-you-jing-wai-zhi-liu-bu-gui-deng-qing-kuang,6800,81600,大专,不限,,308845,12,快速,行业报告估算,
旅游咨询员,4-07-04-04,社会生产服务和生活服务人员,,lv-you-zi-xun-yuan,9200,110400,本科,3-5年,,450273,19,增长,行业报告估算,
公共游览场所服务员,4-07-04-05,社会生产服务和生活服务人员,,gong-gong-you-lan-chang-suo-fu-wu-yuan,5900,70800,本科,5年以上,,418478,1,稳定,行业报告估算,
保安员,4-07-05-01,社会生产服务和生活服务人员,,bao-an-yuan,6900,82800,大专,5年以上,,465414,-3,快速,行业报告估算,
安检员,4-07-05-02,社会生产服务和生活服务人员,,an-jian-yuan,8800,105600,本科,5年以上,,388654,-5,萎缩,行业报告估算,
商品监督员,4-07-06-01,社会生产服务和生活服务人员,,shang-pin-jian-du-yuan,7800,93600,本科,不限,,397581,7,快速,行业报告估算,
商品防损员,4-07-06-02,社会生产服务和生活服务人员,,shang-pin-fang-sun-yuan,8700,104400,大专,3-5年,,135026,-1,缓慢,行业报告估算,
会展服务师,4-07-07-01,社会生产服务和生活服务人员,,hui-zhan-fu-wu-shi,7600,91200,本科,1-3年,,409376,8,稳定,行业报告估算,
装饰美工,4-07-07-02,社会生产服务和生活服务人员,,zhuang-shi-mei-gong,6500,78000,高中/中专,1-3年,,272657,-5,缓慢,行业报告估算,
航空气象员,4-08-01-01,社会生产服务和生活服务人员,,hang-kong-qi-xiang-yuan,7400,88800,本科,不限,,277400,15,增长,行业报告估算,
海洋水文气象观测员,4-08-02-01,社会生产服务和生活服务人员,,hai-yang-shui-wen-qi-xiang-guan-ce-yuan,5400,64800,本科,不限,,424328,1,快速,行业报告估算,
海洋生物调查员,4-08-02-04,社会生产服务和生活服务人员,,hai-yang-sheng-wu-diao-cha-yuan,6400,76800,本科,3-5年,,163316,4,快速,行业报告估算,
大地测量员,4-08-03-01,社会生产服务和生活服务人员,,da-di-ce-liang-yuan,6900,82800,本科,3-5年,,273814,12,稳定,行业报告估算,
地图绘制员,4-08-03-03,社会生产服务和生活服务人员,,di-tu-hui-zhi-yuan,7500,90000,本科,不限,,380418,-2,萎缩,行业报告估算,
海洋测绘员,4-08-03-06,社会生产服务和生活服务人员,,hai-yang-ce-hui-yuan,7800,93600,大专,3-5年,,334279,17,稳定,行业报告估算,
无人机测绘操控员,4-08-03-07,社会生产服务和生活服务人员,,wu-ren-ji-ce-hui-cao-kong-yuan,7100,85200,大专,3-5年,,385430,19,缓慢,行业报告估算,
地理信息处理员,4-08-04-02,社会生产服务和生活服务人员,,di-li-xin-xi-chu-li-yuan,24566,294792,大专,1-3年,,296502,-2,缓慢,行业报告估算,
地理信息应用作业员,4-08-04-03,社会生产服务和生活服务人员,,di-li-xin-xi-ying-yong-zuo-ye-yuan,22852,274224,本科,1-3年,,261417,17,稳定,行业报告估算,
纤维检验员,4-08-05-02,社会生产服务和生活服务人员,,xian-wei-jian-yan-yuan,7100,85200,本科,1-3年,,395983,-4,萎缩,行业报告估算,
药物检验员,4-08-05-04,社会生产服务和生活服务人员,,yao-wu-jian-yan-yuan,8600,103200,大专,1-3年,,141773,19,增长,行业报告估算,
机动车检测工,4-08-05-05,社会生产服务和生活服务人员,,ji-dong-che-jian-ce-gong,8300,99600,高中/中专,不限,,469498,1,增长,行业报告估算,
计量员,4-08-05-06,社会生产服务和生活服务人员,,ji-liang-yuan,6000,72000,本科,不限,,321473,5,增长,行业报告估算,
公路水运工程试验检测员,4-08-05-08,社会生产服务和生活服务人员,,gong-lu-shui-yun-gong-cheng-shi-yan-jian-ce-yuan,5700,68400,本科,1-3年,,411173,9,稳定,行业报告估算,
环境监测员,4-08-06-00,社会生产服务和生活服务人员,,huan-jing-jian-ce-yuan,7300,87600,本科,3-5年,,337144,4,稳定,行业报告估算,
地勘钻探工,4-08-07-01,社会生产服务和生活服务人员,,di-kan-zuan-tan-gong,7700,92400,高中/中专,3-5年,,251786,4,快速,行业报告估算,
地勘掘进工,4-08-07-02,社会生产服务和生活服务人员,,di-kan-jue-jin-gong,6600,79200,高中/中专,不限,,485422,7,萎缩,行业报告估算,
物探工,4-08-07-03,社会生产服务和生活服务人员,,wu-tan-gong,8300,99600,高中/中专,不限,,217032,18,快速,行业报告估算,
地质调查员,4-08-07-04,社会生产服务和生活服务人员,,di-zhi-diao-cha-yuan,8100,97200,大专,3-5年,,175655,13,萎缩,行业报告估算,
家用纺织品设计师,4-08-08-03,社会生产服务和生活服务人员,,jia-yong-fang-zhi-pin-she-ji-shi,23140,277680,本科,不限,,33517,10,快速,行业报告估算,
色彩搭配师,4-08-08-04,社会生产服务和生活服务人员,,se-cai-da-pei-shi,6200,74400,大专,1-3年,,452675,14,稳定,行业报告估算,
室内装饰设计师,4-08-08-07,社会生产服务和生活服务人员,,shi-nei-zhuang-shi-she-ji-shi,20014,240168,本科,3-5年,,197262,8,增长,行业报告估算,
广告设计师,4-08-08-08,社会生产服务和生活服务人员,,guang-gao-she-ji-shi,18861,226332,硕士,5年以上,,473591,13,快速,行业报告估算,
首饰设计师,4-08-08-11,社会生产服务和生活服务人员,,shou-shi-she-ji-shi,20315,243780,硕士,不限,,307637,8,萎缩,行业报告估算,
家具设计师,4-08-08-12,社会生产服务和生活服务人员,,jia-ju-she-ji-shi,21835,262020,本科,1-3年,,473077,-1,快速,行业报告估算,
陶瓷产品设计师,4-08-08-13,社会生产服务和生活服务人员,,tao-ci-chan-pin-she-ji-shi,24308,291696,硕士,3-5年,,364588,-4,稳定,行业报告估算,
鞋类设计师,4-08-08-17,社会生产服务和生活服务人员,,xie-lei-she-ji-shi,19180,230160,硕士,1-3年,,35629,19,快速,行业报告估算,
灯具设计师,4-08-08-18,社会生产服务和生活服务人员,,deng-ju-she-ji-shi,21435,257220,本科,5年以上,,247218,-5,稳定,行业报告估算,
会展设计师,4-08-08-21,社会生产服务和生活服务人员,,hui-zhan-she-ji-shi,22856,274272,硕士,5年以上,,136091,17,快速,行业报告估算,
建筑幕墙设计师,4-08-08-22,社会生产服务和生活服务人员,,jian-zhu-mu-qiang-she-ji-shi,19983,239796,硕士,5年以上,,311081,5,萎缩,行业报告估算,
斫琴师,4-08-08-25,社会生产服务和生活服务人员,,zhuo-qin-shi,7900,94800,本科,不限,,134429,18,快速,行业报告估算,
工业设计工艺师,4-08-08-26,社会生产服务和生活服务人员,,gong-ye-she-ji-gong-yi-shi,21962,263544,初中及以下,不限,,183299,4,快速,行业报告估算,
商业摄影师,4-08-09-01,社会生产服务和生活服务人员,,shang-ye-she-ying-shi,6300,75600,本科,3-5年,,381045,6,快速,行业报告估算,
化工生产现场技术员,4-08-10-02,社会生产服务和生活服务人员,,hua-gong-sheng-chan-xian-chang-ji-shu-yuan,7800,93600,本科,5年以上,,125698,20,缓慢,行业报告估算,
河道修防工,4-09-01-01,社会生产服务和生活服务人员,,he-dao-xiu-fang-gong,5400,64800,初中及以下,3-5年,,154859,11,稳定,行业报告估算,
水工混凝土维修工,4-09-01-02,社会生产服务和生活服务人员,,shui-gong-hun-ning-tu-wei-xiu-gong,8100,97200,初中及以下,3-5年,,436332,13,稳定,行业报告估算,
水工闸门运行工,4-09-01-05,社会生产服务和生活服务人员,,shui-gong-zha-men-yun-xing-gong,8200,98400,初中及以下,5年以上,,206986,-5,增长,行业报告估算,
水文勘测工,4-09-02-01,社会生产服务和生活服务人员,,shui-wen-kan-ce-gong,5800,69600,不限,5年以上,,61975,10,快速,行业报告估算,
灌区管理工,4-09-04-00,社会生产服务和生活服务人员,,guan-qu-guan-li-gong,6900,82800,初中及以下,1-3年,,76673,12,萎缩,行业报告估算,
草地监护员,4-09-05-02,社会生产服务和生活服务人员,,cao-di-jian-hu-yuan,6000,72000,大专,1-3年,,361255,7,快速,行业报告估算,
野生动物保护员,4-09-06-01,社会生产服务和生活服务人员,,ye-sheng-dong-wu-bao-hu-yuan,8800,105600,大专,5年以上,,484583,7,稳定,行业报告估算,
野生植物保护员,4-09-06-02,社会生产服务和生活服务人员,,ye-sheng-zhi-wu-bao-hu-yuan,7300,87600,本科,不限,,219880,2,增长,行业报告估算,
活动,4-09-06-03,社会生产服务和生活服务人员,,huo-dong,5600,67200,硕士,不限,,396102,-3,稳定,行业报告估算,
展出动物保育员,4-09-06-04,社会生产服务和生活服务人员,,zhan-chu-dong-wu-bao-yu-yuan,6300,75600,大专,3-5年,,186824,17,快速,行业报告估算,
危险废物处理工,4-09-07-03,社会生产服务和生活服务人员,,wei-xian-fei-wu-chu-li-gong,8500,102000,初中及以下,不限,,393662,6,缓慢,行业报告估算,
保洁员,4-09-08-01,社会生产服务和生活服务人员,,bao-jie-yuan,7000,84000,本科,3-5年,,371004,-3,快速,行业报告估算,
有害生物防制员,4-09-09-00,社会生产服务和生活服务人员,,you-hai-sheng-wu-fang-zhi-yuan,8300,99600,本科,1-3年,,450570,13,缓慢,行业报告估算,
草坪园艺师,4-09-10-02,社会生产服务和生活服务人员,,cao-ping-yuan-yi-shi,7800,93600,初中及以下,1-3年,,32803,6,萎缩,行业报告估算,
盆景师,4-09-10-03,社会生产服务和生活服务人员,,pen-jing-shi,9000,108000,大专,不限,,273770,-4,稳定,行业报告估算,
婴幼儿发展引导员,4-10-01-01,社会生产服务和生活服务人员,,ying-you-er-fa-zhan-yin-dao-yuan,7500,90000,本科,5年以上,,477994,12,增长,行业报告估算,
保育师,4-10-01-03,社会生产服务和生活服务人员,,bao-yu-shi,8800,105600,初中及以下,不限,,206681,10,稳定,行业报告估算,
孤残儿童护理员,4-10-01-04,社会生产服务和生活服务人员,,gu-can-er-tong-hu-li-yuan,8600,103200,本科,3-5年,,363485,14,增长,行业报告估算,
裁缝 色的温度,4-10-02-01,社会生产服务和生活服务人员,,cai-feng-se-de-wen-du,7600,91200,本科,5年以上,,479690,0,缓慢,行业报告估算,
皮革护理师,4-10-02-04,社会生产服务和生活服务人员,,pi-ge-hu-li-shi,8000,96000,高中/中专,5年以上,,274669,13,稳定,行业报告估算,
织补师,4-10-02-05,社会生产服务和生活服务人员,,zhi-bu-shi,7200,86400,大专,5年以上,,156073,20,缓慢,行业报告估算,
美甲师,4-10-03-03,社会生产服务和生活服务人员,,mei-jia-shi,8400,100800,高中/中专,不限,,450437,-1,增长,行业报告估算,
浴池服务员,4-10-03-04,社会生产服务和生活服务人员,,yu-chi-fu-wu-yuan,7400,88800,本科,3-5年,,361342,6,快速,行业报告估算,
保健按摩师,4-10-04-02,社会生产服务和生活服务人员,,bao-jian-an-mo-shi,8600,103200,本科,1-3年,,345788,-2,快速,行业报告估算,
婚礼策划师,4-10-05-02,社会生产服务和生活服务人员,,hun-li-ce-hua-shi,8100,97200,本科,5年以上,,317334,1,缓慢,行业报告估算,
婚姻家庭咨询师,4-10-05-03,社会生产服务和生活服务人员,,hun-yin-jia-ting-zi-xun-shi,10100,121200,大专,1-3年,,256116,16,缓慢,行业报告估算,
遗体防腐整容师,4-10-06-02,社会生产服务和生活服务人员,,yi-ti-fang-fu-zheng-rong-shi,6300,75600,高中/中专,1-3年,,305781,-2,增长,行业报告估算,
遗体火化师,4-10-06-03,社会生产服务和生活服务人员,,yi-ti-huo-hua-shi,6300,75600,高中/中专,不限,,186550,18,缓慢,行业报告估算,
公墓管理员,4-10-06-04,社会生产服务和生活服务人员,,gong-mu-guan-li-yuan,7700,92400,本科,3-5年,,322267,17,稳定,行业报告估算,
宠物驯导师,4-10-07-02,社会生产服务和生活服务人员,,chong-wu-xun-dao-shi,8200,98400,本科,不限,,76859,9,增长,行业报告估算,
宠物美容师,4-10-07-03,社会生产服务和生活服务人员,,chong-wu-mei-rong-shi,7300,87600,初中及以下,3-5年,,434014,8,稳定,行业报告估算,
供电服务员,4-11-01-01,社会生产服务和生活服务人员,,gong-dian-fu-wu-yuan,7700,92400,大专,1-3年,,1686043,14,快速,行业报告估算,
综合能源服务员,4-11-01-03,社会生产服务和生活服务人员,,zong-he-neng-yuan-fu-wu-yuan,6400,76800,大专,1-3年,,992460,15,缓慢,行业报告估算,
水供应服务员,4-11-03-01,社会生产服务和生活服务人员,,shui-gong-ying-fu-wu-yuan,5700,68400,大专,3-5年,,640531,-2,快速,行业报告估算,
村镇供水员,4-11-03-02,社会生产服务和生活服务人员,,cun-zhen-gong-shui-yuan,6400,76800,本科,1-3年,,325288,16,萎缩,行业报告估算,
汽车维修工,4-12-01-01,社会生产服务和生活服务人员,,qi-che-wei-xiu-gong,6700,80400,初中及以下,1-3年,,139569,3,增长,行业报告估算,
摩托车修理工,4-12-01-02,社会生产服务和生活服务人员,,mo-tuo-che-xiu-li-gong,6600,79200,不限,5年以上,,159036,-5,萎缩,行业报告估算,
计算机维修工,4-12-02-01,社会生产服务和生活服务人员,,ji-suan-ji-wei-xiu-gong,12200,146400,不限,1-3年,,95525,9,稳定,行业报告估算,
办公设备维修工,4-12-02-02,社会生产服务和生活服务人员,,ban-gong-she-bei-wei-xiu-gong,5900,70800,高中/中专,5年以上,,67606,17,缓慢,行业报告估算,
家用电子产品维修工,4-12-03-02,社会生产服务和生活服务人员,,jia-yong-dian-zi-chan-pin-wei-xiu-gong,6200,74400,高中/中专,不限,,138168,15,增长,行业报告估算,
钟表维修工,4-12-04-03,社会生产服务和生活服务人员,,zhong-biao-wei-xiu-gong,7900,94800,高中/中专,1-3年,,499101,12,增长,行业报告估算,
锁具修理工,4-12-04-04,社会生产服务和生活服务人员,,suo-ju-xiu-li-gong,7900,94800,初中及以下,1-3年,,396058,10,稳定,行业报告估算,
乐器维修工,4-12-05-01,社会生产服务和生活服务人员,,yue-qi-wei-xiu-gong,5600,67200,高中/中专,不限,,271462,15,缓慢,行业报告估算,
钢琴调律师,4-12-05-02,社会生产服务和生活服务人员,,gang-qin-diao-lv-shi,31112,373344,硕士,3-5年,,265196,19,快速,行业报告估算,
群众文化指导员,4-13-01-01,社会生产服务和生活服务人员,,qun-zhong-wen-hua-zhi-dao-yuan,7400,88800,大专,3-5年,,280354,-5,萎缩,行业报告估算,
文化经纪人,4-13-01-04,社会生产服务和生活服务人员,,wen-hua-jing-ji-ren,6900,82800,本科,1-3年,,357714,1,萎缩,行业报告估算,
全媒体运营师,4-13-01-05,社会生产服务和生活服务人员,,quan-mei-ti-yun-ying-shi,6500,78000,本科,1-3年,,430714,18,增长,行业报告估算,
档案数字化管理师,4-13-01-07,社会生产服务和生活服务人员,,dang-an-shu-zi-hua-guan-li-shi,6900,82800,本科,5年以上,,150505,-2,快速,行业报告估算,
图书馆服务员,4-13-01-08,社会生产服务和生活服务人员,,tu-shu-guan-fu-wu-yuan,8700,104400,大专,1-3年,,1601511,19,萎缩,行业报告估算,
动画制作员,4-13-02-02,社会生产服务和生活服务人员,,dong-hua-zhi-zuo-yuan,7500,90000,本科,1-3年,,282288,4,增长,行业报告估算,
影视烟火特效员,4-13-02-03,社会生产服务和生活服务人员,,ying-shi-yan-huo-te-xiao-yuan,7900,94800,本科,5年以上,,110582,20,快速,行业报告估算,
电影洗印员,4-13-02-04,社会生产服务和生活服务人员,,dian-ying-xi-yin-yuan,8500,102000,本科,3-5年,,391024,17,缓慢,行业报告估算,
照明工,4-13-02-07,社会生产服务和生活服务人员,,zhao-ming-gong,8200,98400,初中及以下,5年以上,,333383,2,缓慢,行业报告估算,
影视服装员,4-13-02-08,社会生产服务和生活服务人员,,ying-shi-fu-zhuang-yuan,6800,81600,大专,3-5年,,167467,-3,缓慢,行业报告估算,
电视摄像员,4-13-02-09,社会生产服务和生活服务人员,,dian-shi-she-xiang-yuan,5400,64800,本科,3-5年,,137726,17,快速,行业报告估算,
在线学习服务师,4-13-04-01,社会生产服务和生活服务人员,,zai-xian-xue-xi-fu-wu-shi,6700,80400,大专,不限,,262168,-3,稳定,行业报告估算,
研学旅行指导师,4-13-04-04,社会生产服务和生活服务人员,,yan-xue-lv-xing-zhi-dao-shi,8100,97200,大专,1-3年,,50085,7,缓慢,行业报告估算,
医疗护理员,4-14-01-02,社会生产服务和生活服务人员,,yi-liao-hu-li-yuan,9600,115200,本科,3-5年,,148707,-3,快速,行业报告估算,
营养师,4-14-02-01,社会生产服务和生活服务人员,,ying-yang-shi,8800,105600,大专,不限,,11315,16,稳定,行业报告估算,
生殖健康咨询师,4-14-02-03,社会生产服务和生活服务人员,,sheng-zhi-jian-kang-zi-xun-shi,9800,117600,硕士,1-3年,,334201,16,稳定,行业报告估算,
出生缺陷防控咨询师,4-14-02-04,社会生产服务和生活服务人员,,chu-sheng-que-xian-fang-kong-zi-xun-shi,11500,138000,高中/中专,5年以上,,347191,-2,增长,行业报告估算,
口腔修复体制作师,4-14-03-02,社会生产服务和生活服务人员,,kou-qiang-xiu-fu-ti-zhi-zuo-shi,7400,88800,本科,不限,,253908,2,增长,行业报告估算,
听觉口语师,4-14-03-05,社会生产服务和生活服务人员,,ting-jue-kou-yu-shi,7600,91200,博士,5年以上,,83865,14,缓慢,行业报告估算,
康复辅助技术咨询师,4-14-03-06,社会生产服务和生活服务人员,,kang-fu-fu-zhu-ji-shu-zi-xun-shi,8800,105600,高中/中专,1-3年,,201735,12,萎缩,行业报告估算,
防疫员,4-14-04-01,社会生产服务和生活服务人员,,fang-yi-yuan,6200,74400,本科,不限,,113055,2,萎缩,行业报告估算,
消毒员,4-14-04-02,社会生产服务和生活服务人员,,xiao-du-yuan,7000,84000,本科,3-5年,,290225,14,萎缩,行业报告估算,
公共场所卫生管理员,4-14-04-03,社会生产服务和生活服务人员,,gong-gong-chang-suo-wei-sheng-guan-li-yuan,5500,66000,本科,3-5年,,482707,-4,快速,行业报告估算,
社会体育指导员,4-14-05-01,社会生产服务和生活服务人员,,she-hui-ti-yu-zhi-dao-yuan,6600,79200,本科,5年以上,,201049,15,增长,行业报告估算,
体育场馆管理员,4-14-05-02,社会生产服务和生活服务人员,,ti-yu-chang-guan-guan-li-yuan,7800,93600,本科,不限,,294242,-4,增长,行业报告估算,
游泳救生员,4-14-05-03,社会生产服务和生活服务人员,,you-yong-jiu-sheng-yuan,6900,82800,大专,3-5年,,327248,0,萎缩,行业报告估算,
体育经纪人,4-14-05-05,社会生产服务和生活服务人员,,ti-yu-jing-ji-ren,6000,72000,大专,5年以上,,128906,2,缓慢,行业报告估算,
电子竞技运营师,4-14-05-06,社会生产服务和生活服务人员,,dian-zi-jing-ji-yun-ying-shi,7100,85200,本科,5年以上,,372908,-4,增长,行业报告估算,
森林园林康养师,4-14-06-01,社会生产服务和生活服务人员,,sen-lin-yuan-lin-kang-yang-shi,5900,70800,大专,3-5年,,76982,19,快速,行业报告估算,
民宿管家,4-14-06-02,社会生产服务和生活服务人员,,min-su-guan-jia,7600,91200,大专,5年以上,,438913,-3,增长,行业报告估算,
种子繁育员,5-01-01-01,农、林、牧、渔业生产及辅助人员,,zhong-zi-fan-yu-yuan,6900,82800,大专,不限,,106937,3,萎缩,行业报告估算,
种苗繁育员,5-01-01-02,农、林、牧、渔业生产及辅助人员,,zhong-miao-fan-yu-yuan,8500,102000,大专,5年以上,,234780,12,增长,行业报告估算,
农艺工,5-01-02-01,农、林、牧、渔业生产及辅助人员,,nong-yi-gong,9300,111600,高中/中专,不限,,26983,3,快速,行业报告估算,
食用菌生产工,5-01-02-03,农、林、牧、渔业生产及辅助人员,,shi-yong-jun-sheng-chan-gong,6900,82800,高中/中专,3-5年,,134249,-5,增长,行业报告估算,
热带作物栽培工,5-01-02-04,农、林、牧、渔业生产及辅助人员,,re-dai-zuo-wu-zai-pei-gong,9600,115200,高中/中专,1-3年,,91220,18,增长,行业报告估算,
林草种苗工,5-02-01-00,农、林、牧、渔业生产及辅助人员,,lin-cao-zhong-miao-gong,7400,88800,初中及以下,3-5年,,294538,-1,缓慢,行业报告估算,
护林员,5-02-03-01,农、林、牧、渔业生产及辅助人员,,hu-lin-yuan,8800,105600,本科,5年以上,,426148,10,萎缩,行业报告估算,
森林抚育工,5-02-03-02,农、林、牧、渔业生产及辅助人员,,sen-lin-fu-yu-gong,7000,84000,不限,不限,,128262,19,快速,行业报告估算,
家畜繁殖员,5-03-01-01,农、林、牧、渔业生产及辅助人员,,jia-chu-fan-zhi-yuan,8500,102000,本科,5年以上,,79838,-2,缓慢,行业报告估算,
家畜饲养员,5-03-02-01,农、林、牧、渔业生产及辅助人员,,jia-chu-si-yang-yuan,7700,92400,本科,不限,,141690,19,快速,行业报告估算,
实验动物养殖员,5-03-03-02,农、林、牧、渔业生产及辅助人员,,shi-yan-dong-wu-yang-zhi-yuan,8200,98400,本科,5年以上,,194096,2,缓慢,行业报告估算,
水生动物苗种繁育工,5-04-01-01,农、林、牧、渔业生产及辅助人员,,shui-sheng-dong-wu-miao-zhong-fan-yu-gong,10200,122400,不限,1-3年,,152432,-3,萎缩,行业报告估算,
水生动物饲养工,5-04-02-01,农、林、牧、渔业生产及辅助人员,,shui-sheng-dong-wu-si-yang-gong,8500,102000,初中及以下,3-5年,,312276,0,快速,行业报告估算,
水生植物栽培工,5-04-02-02,农、林、牧、渔业生产及辅助人员,,shui-sheng-zhi-wu-zai-pei-gong,10100,121200,高中/中专,3-5年,,284469,15,缓慢,行业报告估算,
水产养殖潜水工,5-04-02-03,农、林、牧、渔业生产及辅助人员,,shui-chan-yang-zhi-qian-shui-gong,10500,126000,高中/中专,不限,,369275,10,增长,行业报告估算,
渔网具工,5-04-03-03,农、林、牧、渔业生产及辅助人员,,yu-wang-ju-gong,7900,94800,不限,3-5年,,114464,15,萎缩,行业报告估算,
农业技术员,5-05-01-01,农、林、牧、渔业生产及辅助人员,,nong-ye-ji-shu-yuan,7100,85200,大专,3-5年,,257428,11,缓慢,行业报告估算,
农作物植保员,5-05-02-01,农、林、牧、渔业生产及辅助人员,,nong-zuo-wu-zhi-bao-yuan,6800,81600,本科,1-3年,,259374,7,稳定,行业报告估算,
动物检疫检验员,5-05-02-04,农、林、牧、渔业生产及辅助人员,,dong-wu-jian-yi-jian-yan-yuan,9200,110400,本科,不限,,329293,19,增长,行业报告估算,
水生物病害防治员,5-05-02-05,农、林、牧、渔业生产及辅助人员,,shui-sheng-wu-bing-hai-fang-zhi-yuan,11200,134400,大专,1-3年,,395122,-2,增长,行业报告估算,
沼气工,5-05-03-01,农、林、牧、渔业生产及辅助人员,,zhao-qi-gong,8300,99600,初中及以下,1-3年,,353579,8,快速,行业报告估算,
微水电利用工,5-05-03-04,农、林、牧、渔业生产及辅助人员,,wei-shui-dian-li-yong-gong,9700,116400,初中及以下,5年以上,,439229,13,增长,行业报告估算,
小风电利用工,5-05-03-05,农、林、牧、渔业生产及辅助人员,,xiao-feng-dian-li-yong-gong,10300,123600,不限,不限,,297038,12,增长,行业报告估算,
农机驾驶操作员,5-05-05-01,农、林、牧、渔业生产及辅助人员,,nong-ji-jia-shi-cao-zuo-yuan,9700,116400,本科,不限,,331767,12,缓慢,行业报告估算,
农机修理工,5-05-05-02,农、林、牧、渔业生产及辅助人员,,nong-ji-xiu-li-gong,10100,121200,初中及以下,3-5年,,346762,17,快速,行业报告估算,
农机服务经纪人,5-05-05-03,农、林、牧、渔业生产及辅助人员,,nong-ji-fu-wu-jing-ji-ren,11000,132000,大专,不限,,100823,19,缓慢,行业报告估算,
园艺产品加工工,5-05-06-01,农、林、牧、渔业生产及辅助人员,,yuan-yi-chan-pin-jia-gong-gong,7600,91200,初中及以下,3-5年,,389403,2,增长,行业报告估算,
植物原料制取工,5-05-06-04,农、林、牧、渔业生产及辅助人员,,zhi-wu-yuan-liao-zhi-qu-gong,6800,81600,初中及以下,3-5年,,290951,5,快速,行业报告估算,
经济昆虫产品加工工,5-05-06-06,农、林、牧、渔业生产及辅助人员,,jing-ji-kun-chong-chan-pin-jia-gong-gong,7400,88800,初中及以下,1-3年,,492692,11,增长,行业报告估算,
水产品原料处理工,5-05-06-07,农、林、牧、渔业生产及辅助人员,,shui-chan-pin-yuan-liao-chu-li-gong,7300,87600,不限,3-5年,,69302,11,快速,行业报告估算,
制米工,6-01-01-01,生产制造及有关人员,,zhi-mi-gong,8800,105600,初中及以下,不限,,370096,19,萎缩,行业报告估算,
制粉工,6-01-01-02,生产制造及有关人员,,zhi-fen-gong,8400,100800,初中及以下,3-5年,,96784,1,稳定,行业报告估算,
制油工,6-01-01-03,生产制造及有关人员,,zhi-you-gong,7000,84000,初中及以下,1-3年,,369718,8,缓慢,行业报告估算,
饲料加工工,6-01-02-00,生产制造及有关人员,,si-liao-jia-gong-gong,8900,106800,高中/中专,不限,,316096,-2,缓慢,行业报告估算,
食糖制造工,6-01-03-00,生产制造及有关人员,,shi-tang-zhi-zao-gong,9200,110400,初中及以下,5年以上,,193067,19,萎缩,行业报告估算,
畜禽屠宰加工工,6-01-04-01,生产制造及有关人员,,chu-qin-tu-zai-jia-gong-gong,6800,81600,高中/中专,1-3年,,475156,13,缓慢,行业报告估算,
肉制品加工工,6-01-04-03,生产制造及有关人员,,rou-zhi-pin-jia-gong-gong,8500,102000,高中/中专,不限,,233970,-4,缓慢,行业报告估算,
蛋类制品加工工,6-01-04-04,生产制造及有关人员,,dan-lei-zhi-pin-jia-gong-gong,9100,109200,初中及以下,3-5年,,79884,9,快速,行业报告估算,
水产制品精制工,6-01-05-02,生产制造及有关人员,,shui-chan-zhi-pin-jing-zhi-gong,6500,78000,不限,1-3年,,372611,5,稳定,行业报告估算,
果蔬坚果加工工,6-01-06-00,生产制造及有关人员,,guo-shu-jian-guo-jia-gong-gong,9400,112800,不限,5年以上,,397741,-3,稳定,行业报告估算,
植物蛋白制作工,6-01-07-02,生产制造及有关人员,,zhi-wu-dan-bai-zhi-zuo-gong,10000,120000,不限,3-5年,,149219,6,萎缩,行业报告估算,
糕点面包烘焙工,6-02-01-01,生产制造及有关人员,,gao-dian-mian-bao-hong-bei-gong,6500,78000,不限,不限,,117836,18,增长,行业报告估算,
糖果巧克力制造工,6-02-02-01,生产制造及有关人员,,tang-guo-qiao-ke-li-zhi-zao-gong,6200,74400,高中/中专,1-3年,,189424,-1,萎缩,行业报告估算,
米面主食制作工,6-02-03-01,生产制造及有关人员,,mi-mian-zhu-shi-zhi-zuo-gong,7300,87600,高中/中专,5年以上,,351679,5,稳定,行业报告估算,
冷冻食品制作工,6-02-03-02,生产制造及有关人员,,leng-dong-shi-pin-zhi-zuo-gong,8800,105600,初中及以下,5年以上,,426638,3,稳定,行业报告估算,
乳品加工工,6-02-04-01,生产制造及有关人员,,ru-pin-jia-gong-gong,10000,120000,不限,3-5年,,147084,7,缓慢,行业报告估算,
味精制造工,6-02-05-01,生产制造及有关人员,,wei-jing-zhi-zao-gong,7700,92400,初中及以下,3-5年,,366479,11,萎缩,行业报告估算,
酱油酱类制作工,6-02-05-02,生产制造及有关人员,,jiang-you-jiang-lei-zhi-zuo-gong,9000,108000,高中/中专,5年以上,,300334,14,缓慢,行业报告估算,
食醋制作工,6-02-05-03,生产制造及有关人员,,shi-cu-zhi-zuo-gong,6400,76800,不限,不限,,300441,15,增长,行业报告估算,
精制制盐工,6-02-05-04,生产制造及有关人员,,jing-zhi-zhi-yan-gong,8900,106800,不限,不限,,130455,3,增长,行业报告估算,
柠檬酸制造工,6-02-05-06,生产制造及有关人员,,ning-meng-suan-zhi-zao-gong,8600,103200,不限,1-3年,,74910,5,增长,行业报告估算,
调味品品评师,6-02-05-07,生产制造及有关人员,,tiao-wei-pin-pin-ping-shi,6500,78000,本科,5年以上,,224379,-2,萎缩,行业报告估算,
酿酒师,6-02-06-01,生产制造及有关人员,,niang-jiu-shi,9200,110400,大专,不限,,405509,5,快速,行业报告估算,
酒精酿造工,6-02-06-02,生产制造及有关人员,,jiu-jing-niang-zao-gong,9500,114000,初中及以下,不限,,402550,2,增长,行业报告估算,
啤酒酿造工,6-02-06-04,生产制造及有关人员,,pi-jiu-niang-zao-gong,8500,102000,不限,不限,,88120,14,快速,行业报告估算,
黄酒酿造工,6-02-06-05,生产制造及有关人员,,huang-jiu-niang-zao-gong,6600,79200,不限,不限,,240623,12,萎缩,行业报告估算,
品酒师,6-02-06-07,生产制造及有关人员,,pin-jiu-shi,10100,121200,硕士,1-3年,,244084,-5,增长,行业报告估算,
麦芽制麦工,6-02-06-08,生产制造及有关人员,,mai-ya-zhi-mai-gong,9200,110400,高中/中专,1-3年,,274385,6,稳定,行业报告估算,
茶叶加工工,6-02-06-10,生产制造及有关人员,,cha-ye-jia-gong-gong,7500,90000,初中及以下,1-3年,,165806,-1,缓慢,行业报告估算,
评茶师,6-02-06-11,生产制造及有关人员,,ping-cha-shi,7800,93600,大专,5年以上,,299548,7,萎缩,行业报告估算,
烟叶评级员,6-03-01-02,生产制造及有关人员,,yan-ye-ping-ji-yuan,7600,91200,本科,5年以上,,279557,12,萎缩,行业报告估算,
烟用丝束制造工,6-03-02-02,生产制造及有关人员,,yan-yong-si-shu-zhi-zao-gong,8100,97200,初中及以下,5年以上,,72634,-5,增长,行业报告估算,
烟机设备操作工,6-03-03-01,生产制造及有关人员,,yan-ji-she-bei-cao-zuo-gong,7500,90000,不限,5年以上,,1529516,16,稳定,行业报告估算,
丝麻毛纤维预处理工,6-04-01-02,生产制造及有关人员,,si-ma-mao-xian-wei-yu-chu-li-gong,9500,114000,不限,3-5年,,157908,4,稳定,行业报告估算,
纺纱工,6-04-02-01,生产制造及有关人员,,fang-sha-gong,9400,112800,初中及以下,不限,,291376,8,稳定,行业报告估算,
浆纱浆染工,6-04-03-02,生产制造及有关人员,,jiang-sha-jiang-ran-gong,6500,78000,高中/中专,1-3年,,384101,19,快速,行业报告估算,
织布工,6-04-03-03,生产制造及有关人员,,zhi-bu-gong,10000,120000,初中及以下,不限,,44966,9,缓慢,行业报告估算,
纬编工,6-04-04-01,生产制造及有关人员,,wei-bian-gong,8600,103200,高中/中专,不限,,477258,19,萎缩,行业报告估算,
经编工,6-04-04-02,生产制造及有关人员,,jing-bian-gong,9400,112800,不限,5年以上,,372938,14,稳定,行业报告估算,
印染前处理工,6-04-06-01,生产制造及有关人员,,yin-ran-qian-chu-li-gong,8900,106800,高中/中专,5年以上,,274381,10,稳定,行业报告估算,
印花工,6-04-06-03,生产制造及有关人员,,yin-hua-gong,7800,93600,不限,1-3年,,288271,8,萎缩,行业报告估算,
纺织印花制版工,6-04-06-04,生产制造及有关人员,,fang-zhi-yin-hua-zhi-ban-gong,9000,108000,不限,1-3年,,183435,7,增长,行业报告估算,
印染染化料配制工,6-04-06-06,生产制造及有关人员,,yin-ran-ran-hua-liao-pei-zhi-gong,10000,120000,高中/中专,1-3年,,23523,19,增长,行业报告估算,
服装制版师,6-05-01-01,生产制造及有关人员,,fu-zhuang-zhi-ban-shi,7200,86400,本科,5年以上,,43869,11,萎缩,行业报告估算,
缝纫品整型工,6-05-01-04,生产制造及有关人员,,feng-ren-pin-zheng-xing-gong,9300,111600,初中及以下,1-3年,,245842,10,萎缩,行业报告估算,
服装水洗工,6-05-01-05,生产制造及有关人员,,fu-zhuang-shui-xi-gong,8300,99600,高中/中专,1-3年,,283696,16,快速,行业报告估算,
毛皮及毛皮制品加工工,6-05-02-02,生产制造及有关人员,,mao-pi-ji-mao-pi-zhi-pin-jia-gong-gong,8000,96000,初中及以下,3-5年,,298432,17,缓慢,行业报告估算,
制鞋工,6-05-04-01,生产制造及有关人员,,zhi-xie-gong,7800,93600,高中/中专,不限,,145612,7,快速,行业报告估算,
制帽工,6-05-04-02,生产制造及有关人员,,zhi-mao-gong,9000,108000,不限,5年以上,,71135,-4,快速,行业报告估算,
制材工,6-06-01-01,生产制造及有关人员,,zhi-cai-gong,7200,86400,高中/中专,3-5年,,259064,14,萎缩,行业报告估算,
木竹藤材处理工,6-06-01-02,生产制造及有关人员,,mu-zhu-teng-cai-chu-li-gong,9500,114000,高中/中专,3-5年,,265521,-3,增长,行业报告估算,
纤维板工,6-06-02-02,生产制造及有关人员,,xian-wei-ban-gong,9400,112800,高中/中专,1-3年,,464163,15,稳定,行业报告估算,
刨花板工,6-06-02-03,生产制造及有关人员,,bao-hua-ban-gong,6400,76800,不限,1-3年,,339561,15,增长,行业报告估算,
人造板饰面工,6-06-02-05,生产制造及有关人员,,ren-zao-ban-shi-mian-gong,9600,115200,不限,5年以上,,116494,-2,萎缩,行业报告估算,
手工木工,6-06-03-01,生产制造及有关人员,,shou-gong-mu-gong,7100,85200,高中/中专,5年以上,,127451,14,快速,行业报告估算,
机械木工,6-06-03-02,生产制造及有关人员,,ji-xie-mu-gong,8000,96000,不限,不限,,381233,19,萎缩,行业报告估算,
家具制作工,6-06-04-00,生产制造及有关人员,,jia-ju-zhi-zuo-gong,8500,102000,初中及以下,1-3年,,205544,12,快速,行业报告估算,
制浆废液回收利用工,6-07-01-02,生产制造及有关人员,,zhi-jiang-fei-ye-hui-shou-li-yong-gong,7600,91200,不限,5年以上,,52409,13,萎缩,行业报告估算,
纸箱纸盒制作工,6-07-02-00,生产制造及有关人员,,zhi-xiang-zhi-he-zhi-zuo-gong,6200,74400,初中及以下,3-5年,,426133,9,稳定,行业报告估算,
印刷操作员,6-08-01-02,生产制造及有关人员,,yin-shua-cao-zuo-yuan,9500,114000,本科,5年以上,,374159,-3,稳定,行业报告估算,
音像制品和电子出版物复制员,6-08-02-00,生产制造及有关人员,,yin-xiang-zhi-pin-he-dian-zi-chu-ban-wu-fu-zhi-yuan,6800,81600,大专,不限,,313062,14,增长,行业报告估算,
自来水笔制造工,6-09-01-01,生产制造及有关人员,,zi-lai-shui-bi-zhi-zao-gong,6900,82800,不限,5年以上,,408915,18,增长,行业报告估算,
圆珠笔制造工,6-09-01-02,生产制造及有关人员,,yuan-zhu-bi-zhi-zao-gong,9300,111600,初中及以下,不限,,72823,8,稳定,行业报告估算,
毛笔制作工,6-09-01-04,生产制造及有关人员,,mao-bi-zhi-zuo-gong,7500,90000,初中及以下,1-3年,,363708,1,稳定,行业报告估算,
墨制作工,6-09-01-06,生产制造及有关人员,,mo-zhi-zuo-gong,9600,115200,不限,1-3年,,435332,16,缓慢,行业报告估算,
绘图仪器制作工,6-09-01-08,生产制造及有关人员,,hui-tu-yi-qi-zhi-zuo-gong,8900,106800,初中及以下,5年以上,,271808,13,增长,行业报告估算,
提琴吉他制作工,6-09-02-02,生产制造及有关人员,,ti-qin-ji-ta-zhi-zuo-gong,7200,86400,高中/中专,3-5年,,316382,15,萎缩,行业报告估算,
吹奏乐器制作工,6-09-02-05,生产制造及有关人员,,chui-zou-yue-qi-zhi-zuo-gong,6100,73200,高中/中专,不限,,20249,13,稳定,行业报告估算,
打击乐器制作工,6-09-02-06,生产制造及有关人员,,da-ji-yue-qi-zhi-zuo-gong,9900,118800,不限,不限,,468414,13,萎缩,行业报告估算,
工艺品雕刻工,6-09-03-01,生产制造及有关人员,,gong-yi-pin-diao-ke-gong,6400,76800,初中及以下,1-3年,,176225,-2,增长,行业报告估算,
景泰蓝制作工,6-09-03-04,生产制造及有关人员,,jing-tai-lan-zhi-zuo-gong,9000,108000,初中及以下,不限,,77372,12,稳定,行业报告估算,
金属摆件制作工,6-09-03-05,生产制造及有关人员,,jin-shu-bai-jian-zhi-zuo-gong,8100,97200,高中/中专,1-3年,,121857,12,增长,行业报告估算,
版画制作工,6-09-03-08,生产制造及有关人员,,ban-hua-zhi-zuo-gong,9100,109200,初中及以下,不限,,496673,16,萎缩,行业报告估算,
人造花制作工,6-09-03-09,生产制造及有关人员,,ren-zao-hua-zhi-zuo-gong,8900,106800,不限,不限,,369695,11,萎缩,行业报告估算,
工艺画制作工,6-09-03-10,生产制造及有关人员,,gong-yi-hua-zhi-zuo-gong,8700,104400,高中/中专,5年以上,,434340,12,快速,行业报告估算,
手工地毯制作工,6-09-03-12,生产制造及有关人员,,shou-gong-di-tan-zhi-zuo-gong,8100,97200,高中/中专,1-3年,,129350,1,增长,行业报告估算,
机制地毯制作工,6-09-03-13,生产制造及有关人员,,ji-zhi-di-tan-zhi-zuo-gong,9300,111600,不限,1-3年,,483481,1,快速,行业报告估算,
装裱师,6-09-03-16,生产制造及有关人员,,zhuang-biao-shi,6500,78000,大专,不限,,446627,-3,缓慢,行业报告估算,
民间工艺品艺人,6-09-03-19,生产制造及有关人员,,min-jian-gong-yi-pin-yi-ren,7000,84000,初中及以下,3-5年,,407937,9,萎缩,行业报告估算,
健身器材制作工,6-09-04-03,生产制造及有关人员,,jian-shen-qi-cai-zhi-zuo-gong,8900,106800,不限,不限,,379958,-5,快速,行业报告估算,
玩具制作工,6-09-05-00,生产制造及有关人员,,wan-ju-zhi-zuo-gong,7300,87600,不限,不限,,255660,14,快速,行业报告估算,
原油蒸馏工,6-10-01-01,生产制造及有关人员,,yuan-you-zheng-liu-gong,8400,100800,高中/中专,1-3年,,459942,7,增长,行业报告估算,
蜡油渣油加氢工,6-10-01-03,生产制造及有关人员,,la-you-zha-you-jia-qing-gong,8000,96000,初中及以下,5年以上,,26974,13,快速,行业报告估算,
渣油热加工工,6-10-01-04,生产制造及有关人员,,zha-you-re-jia-gong-gong,8200,98400,高中/中专,不限,,324837,1,缓慢,行业报告估算,
润滑油脂生产工,6-10-01-07,生产制造及有关人员,,run-hua-you-zhi-sheng-chan-gong,7800,93600,高中/中专,5年以上,,378595,2,稳定,行业报告估算,
油制气工,6-10-01-09,生产制造及有关人员,,you-zhi-qi-gong,9100,109200,初中及以下,不限,,324376,4,萎缩,行业报告估算,
油品储运工,6-10-01-10,生产制造及有关人员,,you-pin-chu-yun-gong,7400,88800,初中及以下,3-5年,,137541,17,缓慢,行业报告估算,
油母页岩提炼工,6-10-01-11,生产制造及有关人员,,you-mu-ye-yan-ti-lian-gong,8900,106800,不限,5年以上,,221581,-5,稳定,行业报告估算,
炼焦工,6-10-02-02,生产制造及有关人员,,lian-jiao-gong,7200,86400,初中及以下,1-3年,,279074,12,缓慢,行业报告估算,
煤制油生产工,6-10-03-02,生产制造及有关人员,,mei-zhi-you-sheng-chan-gong,7100,85200,初中及以下,不限,,116069,20,缓慢,行业报告估算,
水煤浆制备工,6-10-03-04,生产制造及有关人员,,shui-mei-jiang-zhi-bei-gong,6600,79200,初中及以下,3-5年,,238926,8,缓慢,行业报告估算,
工业型煤工,6-10-03-05,生产制造及有关人员,,gong-ye-xing-mei-gong,6900,82800,初中及以下,5年以上,,111515,3,萎缩,行业报告估算,
化工原料准备工,6-11-01-01,生产制造及有关人员,,hua-gong-yuan-liao-zhun-bei-gong,6600,79200,不限,1-3年,,145152,-5,萎缩,行业报告估算,
制冷工,6-11-01-04,生产制造及有关人员,,zhi-leng-gong,8200,98400,不限,1-3年,,417580,3,增长,行业报告估算,
工业清洗工,6-11-01-05,生产制造及有关人员,,gong-ye-qing-xi-gong,9200,110400,初中及以下,3-5年,,329926,2,缓慢,行业报告估算,
盐酸生产工,6-11-02-03,生产制造及有关人员,,yan-suan-sheng-chan-gong,6800,81600,初中及以下,5年以上,,123344,0,萎缩,行业报告估算,
磷酸生产工,6-11-02-04,生产制造及有关人员,,lin-suan-sheng-chan-gong,7000,84000,高中/中专,3-5年,,299449,8,萎缩,行业报告估算,
烧碱生产工,6-11-02-06,生产制造及有关人员,,shao-jian-sheng-chan-gong,8000,96000,高中/中专,5年以上,,467263,14,增长,行业报告估算,
卤水综合利用工,6-11-02-09,生产制造及有关人员,,lu-shui-zong-he-li-yong-gong,9000,108000,初中及以下,不限,,375446,17,增长,行业报告估算,
无机化学反应生产工,6-11-02-10,生产制造及有关人员,,wu-ji-hua-xue-fan-ying-sheng-chan-gong,10000,120000,不限,1-3年,,247642,19,萎缩,行业报告估算,
脂肪烃生产工,6-11-02-11,生产制造及有关人员,,zhi-fang-ting-sheng-chan-gong,8200,98400,不限,不限,,198561,6,缓慢,行业报告估算,
脂肪烃衍生物生产工,6-11-02-13,生产制造及有关人员,,zhi-fang-ting-yan-sheng-wu-sheng-chan-gong,7200,86400,不限,1-3年,,232559,7,增长,行业报告估算,
有机合成工,6-11-02-15,生产制造及有关人员,,you-ji-he-cheng-gong,6500,78000,不限,5年以上,,286257,14,增长,行业报告估算,
硝酸铵生产工,6-11-03-03,生产制造及有关人员,,xiao-suan-an-sheng-chan-gong,6900,82800,不限,不限,,123627,-4,稳定,行业报告估算,
复混肥生产工,6-11-03-06,生产制造及有关人员,,fu-hun-fei-sheng-chan-gong,7000,84000,初中及以下,不限,,261677,4,快速,行业报告估算,
钙镁磷肥生产工,6-11-03-07,生产制造及有关人员,,gai-mei-lin-fei-sheng-chan-gong,6800,81600,初中及以下,3-5年,,397100,14,稳定,行业报告估算,
颜料生产工,6-11-05-03,生产制造及有关人员,,yan-liao-sheng-chan-gong,6100,73200,不限,5年以上,,466111,19,增长,行业报告估算,
合成橡胶生产工,6-11-07-00,生产制造及有关人员,,he-cheng-xiang-jiao-sheng-chan-gong,8200,98400,高中/中专,3-5年,,239588,17,稳定,行业报告估算,
催化剂生产工,6-11-08-01,生产制造及有关人员,,cui-hua-ji-sheng-chan-gong,7200,86400,初中及以下,5年以上,,93361,3,萎缩,行业报告估算,
化学试剂生产工,6-11-08-03,生产制造及有关人员,,hua-xue-shi-ji-sheng-chan-gong,10000,120000,不限,1-3年,,482284,-2,增长,行业报告估算,
印染助剂生产工,6-11-08-04,生产制造及有关人员,,yin-ran-zhu-ji-sheng-chan-gong,8300,99600,初中及以下,不限,,20957,2,萎缩,行业报告估算,
油脂化工产品制造工,6-11-08-07,生产制造及有关人员,,you-zhi-hua-gong-chan-pin-zhi-zao-gong,8900,106800,初中及以下,3-5年,,442520,-3,快速,行业报告估算,
动物胶制造工,6-11-08-08,生产制造及有关人员,,dong-wu-jiao-zhi-zao-gong,6600,79200,不限,1-3年,,362506,13,萎缩,行业报告估算,
有机硅生产工,6-11-08-10,生产制造及有关人员,,you-ji-gui-sheng-chan-gong,9600,115200,高中/中专,5年以上,,313309,18,增长,行业报告估算,
有机氟生产工,6-11-08-11,生产制造及有关人员,,you-ji-fu-sheng-chan-gong,8100,97200,初中及以下,1-3年,,413139,6,快速,行业报告估算,
松节油制品工,6-11-08-13,生产制造及有关人员,,song-jie-you-zhi-pin-gong,9600,115200,高中/中专,1-3年,,137491,2,增长,行业报告估算,
活性炭生产工,6-11-08-14,生产制造及有关人员,,huo-xing-tan-sheng-chan-gong,8400,100800,初中及以下,不限,,286993,-3,缓慢,行业报告估算,
栓皮制品工,6-11-08-17,生产制造及有关人员,,shuan-pi-zhi-pin-gong,8000,96000,不限,1-3年,,215141,6,稳定,行业报告估算,
植物原料水解工,6-11-08-18,生产制造及有关人员,,zhi-wu-yuan-liao-shui-jie-gong,7900,94800,初中及以下,3-5年,,314057,5,缓慢,行业报告估算,
胶印版材生产工,6-11-08-20,生产制造及有关人员,,jiao-yin-ban-cai-sheng-chan-gong,6800,81600,不限,不限,,22584,10,增长,行业报告估算,
柔性版材生产工,6-11-08-21,生产制造及有关人员,,rou-xing-ban-cai-sheng-chan-gong,6300,75600,初中及以下,5年以上,,360926,9,稳定,行业报告估算,
磁记录材料生产工,6-11-08-22,生产制造及有关人员,,ci-ji-lu-cai-liao-sheng-chan-gong,9900,118800,不限,1-3年,,429917,19,稳定,行业报告估算,
热转移防护膜涂布工,6-11-08-23,生产制造及有关人员,,re-zhuan-yi-fang-hu-mo-tu-bu-gong,8000,96000,初中及以下,不限,,176220,-2,增长,行业报告估算,
甘油制造工,6-11-08-25,生产制造及有关人员,,gan-you-zhi-zao-gong,9400,112800,高中/中专,3-5年,,270338,11,萎缩,行业报告估算,
生物质化工产品生产工,6-11-08-26,生产制造及有关人员,,sheng-wu-zhi-hua-gong-chan-pin-sheng-chan-gong,7700,92400,初中及以下,1-3年,,324689,1,稳定,行业报告估算,
索状爆破器材制造工,6-11-09-02,生产制造及有关人员,,suo-zhuang-bao-po-qi-cai-zhi-zao-gong,6400,76800,初中及以下,1-3年,,420489,13,萎缩,行业报告估算,
火工品装配工,6-11-09-03,生产制造及有关人员,,huo-gong-pin-zhuang-pei-gong,8600,103200,高中/中专,1-3年,,488458,-5,稳定,行业报告估算,
合成洗涤剂制造工,6-11-10-01,生产制造及有关人员,,he-cheng-xi-di-ji-zhi-zao-gong,6300,75600,初中及以下,1-3年,,48909,2,萎缩,行业报告估算,
化妆品制造工,6-11-10-04,生产制造及有关人员,,hua-zhuang-pin-zhi-zao-gong,6700,80400,高中/中专,5年以上,,56111,8,萎缩,行业报告估算,
香料制造工,6-11-10-06,生产制造及有关人员,,xiang-liao-zhi-zao-gong,8400,100800,不限,5年以上,,475372,-3,萎缩,行业报告估算,
调香师,6-11-10-07,生产制造及有关人员,,diao-xiang-shi,7300,87600,本科,5年以上,,237886,15,稳定,行业报告估算,
香精配制工,6-11-10-08,生产制造及有关人员,,xiang-jing-pei-zhi-gong,10100,121200,高中/中专,不限,,137993,-5,快速,行业报告估算,
化学合成制药工,6-12-01-00,生产制造及有关人员,,hua-xue-he-cheng-zhi-yao-gong,6600,79200,高中/中专,3-5年,,259613,6,萎缩,行业报告估算,
中药炮制工,6-12-02-00,生产制造及有关人员,,zhong-yao-pao-zhi-gong,9200,110400,高中/中专,1-3年,,236452,-3,缓慢,行业报告估算,
兽药制造工,6-12-04-00,生产制造及有关人员,,shou-yao-zhi-zao-gong,8500,102000,初中及以下,3-5年,,487117,7,萎缩,行业报告估算,
疫苗制品工,6-12-05-03,生产制造及有关人员,,yi-miao-zhi-pin-gong,9300,111600,高中/中专,不限,,339303,1,稳定,行业报告估算,
化纤聚合工,6-13-01-01,生产制造及有关人员,,hua-xian-ju-he-gong,7000,84000,初中及以下,5年以上,,300289,2,快速,行业报告估算,
纺丝工,6-13-02-01,生产制造及有关人员,,fang-si-gong,8200,98400,初中及以下,3-5年,,229675,10,缓慢,行业报告估算,
橡胶制品生产工,6-14-01-01,生产制造及有关人员,,xiang-jiao-zhi-pin-sheng-chan-gong,7900,94800,初中及以下,5年以上,,73935,12,稳定,行业报告估算,
塑料制品成型制作工,6-14-02-00,生产制造及有关人员,,su-liao-zhi-pin-cheng-xing-zhi-zuo-gong,7900,94800,不限,不限,,176517,-3,快速,行业报告估算,
水泥生产工,6-15-01-01,生产制造及有关人员,,shui-ni-sheng-chan-gong,9600,115200,不限,1-3年,,272037,16,稳定,行业报告估算,
石膏粉生产工,6-15-01-04,生产制造及有关人员,,shi-gao-fen-sheng-chan-gong,10100,121200,高中/中专,不限,,474176,8,稳定,行业报告估算,
砖瓦生产工,6-15-02-01,生产制造及有关人员,,zhuan-wa-sheng-chan-gong,7300,87600,初中及以下,5年以上,,441819,2,萎缩,行业报告估算,
石材生产工,6-15-02-03,生产制造及有关人员,,shi-cai-sheng-chan-gong,8600,103200,不限,3-5年,,185724,10,稳定,行业报告估算,
保温材料制造工,6-15-02-06,生产制造及有关人员,,bao-wen-cai-liao-zhi-zao-gong,8500,102000,不限,不限,,454282,8,快速,行业报告估算,
吸音材料制造工,6-15-02-07,生产制造及有关人员,,xi-yin-cai-liao-zhi-zao-gong,9100,109200,初中及以下,3-5年,,411886,19,快速,行业报告估算,
玻璃配料熔化工,6-15-03-01,生产制造及有关人员,,bo-li-pei-liao-rong-hua-gong,9900,118800,高中/中专,5年以上,,143795,9,快速,行业报告估算,
玻璃及玻璃制品成型工,6-15-03-02,生产制造及有关人员,,bo-li-ji-bo-li-zhi-pin-cheng-xing-gong,6900,82800,不限,不限,,174739,16,快速,行业报告估算,
石英玻璃制品加工工,6-15-03-06,生产制造及有关人员,,shi-ying-bo-li-zhi-pin-jia-gong-gong,6900,82800,初中及以下,不限,,268862,1,稳定,行业报告估算,
玻璃纤维及制品工,6-15-04-01,生产制造及有关人员,,bo-li-xian-wei-ji-zhi-pin-gong,8700,104400,初中及以下,3-5年,,429422,18,快速,行业报告估算,
陶瓷原料准备工,6-15-05-01,生产制造及有关人员,,tao-ci-yuan-liao-zhun-bei-gong,6700,80400,高中/中专,1-3年,,14259,9,增长,行业报告估算,
陶瓷烧成工,6-15-05-03,生产制造及有关人员,,tao-ci-shao-cheng-gong,6800,81600,初中及以下,3-5年,,481902,13,稳定,行业报告估算,
陶瓷装饰工,6-15-05-04,生产制造及有关人员,,tao-ci-zhuang-shi-gong,6400,76800,高中/中专,1-3年,,297789,14,增长,行业报告估算,
古建琉璃工,6-15-05-05,生产制造及有关人员,,gu-jian-liu-li-gong,6100,73200,初中及以下,5年以上,,84467,0,增长,行业报告估算,
耐火材料烧成工,6-15-06-02,生产制造及有关人员,,nai-huo-cai-liao-shao-cheng-gong,7900,94800,不限,1-3年,,319216,5,缓慢,行业报告估算,
耐火制品加工工,6-15-06-03,生产制造及有关人员,,nai-huo-zhi-pin-jia-gong-gong,8500,102000,不限,1-3年,,103108,18,萎缩,行业报告估算,
炭素煅烧工,6-15-07-01,生产制造及有关人员,,tan-su-duan-shao-gong,7300,87600,初中及以下,不限,,303920,11,缓慢,行业报告估算,
炭素成型工,6-15-07-02,生产制造及有关人员,,tan-su-cheng-xing-gong,7000,84000,高中/中专,3-5年,,284673,13,增长,行业报告估算,
石墨化工,6-15-07-05,生产制造及有关人员,,shi-mo-hua-gong,8900,106800,高中/中专,1-3年,,457543,10,缓慢,行业报告估算,
炭素制品工,6-15-07-06,生产制造及有关人员,,tan-su-zhi-pin-gong,8900,106800,初中及以下,1-3年,,303892,0,稳定,行业报告估算,
人工合成晶体工,6-15-08-01,生产制造及有关人员,,ren-gong-he-cheng-jing-ti-gong,7900,94800,高中/中专,不限,,209378,13,缓慢,行业报告估算,
高岭土加工工,6-15-08-02,生产制造及有关人员,,gao-ling-tu-jia-gong-gong,8900,106800,不限,3-5年,,416365,19,增长,行业报告估算,
云母制品工,6-15-08-05,生产制造及有关人员,,yun-mu-zhi-pin-gong,9800,117600,初中及以下,不限,,394254,-3,增长,行业报告估算,
露天采矿工,6-16-01-01,生产制造及有关人员,,lu-tian-cai-kuang-gong,9300,111600,不限,3-5年,,392801,11,快速,行业报告估算,
矿井开掘工,6-16-01-04,生产制造及有关人员,,kuang-jing-kai-jue-gong,8600,103200,不限,3-5年,,238442,4,缓慢,行业报告估算,
井下采矿工,6-16-01-05,生产制造及有关人员,,jing-xia-cai-kuang-gong,8800,105600,初中及以下,1-3年,,144747,5,稳定,行业报告估算,
井下支护工,6-16-01-06,生产制造及有关人员,,jing-xia-zhi-hu-gong,9900,118800,高中/中专,5年以上,,64473,10,萎缩,行业报告估算,
井下机车运输工,6-16-01-07,生产制造及有关人员,,jing-xia-ji-che-yun-shu-gong,7800,93600,高中/中专,不限,,354521,11,稳定,行业报告估算,
矿井通风工,6-16-01-09,生产制造及有关人员,,kuang-jing-tong-feng-gong,8300,99600,不限,5年以上,,131360,1,快速,行业报告估算,
矿山安全防护工,6-16-01-10,生产制造及有关人员,,kuang-shan-an-quan-fang-hu-gong,8700,104400,高中/中专,3-5年,,386321,-1,增长,行业报告估算,
矿山救护工,6-16-01-12,生产制造及有关人员,,kuang-shan-jiu-hu-gong,9800,117600,初中及以下,5年以上,,310277,13,稳定,行业报告估算,
矿山生产集控员,6-16-01-13,生产制造及有关人员,,kuang-shan-sheng-chan-ji-kong-yuan,9400,112800,本科,不限,,291668,15,稳定,行业报告估算,
选矿工,6-16-01-15,生产制造及有关人员,,xuan-kuang-gong,6400,76800,初中及以下,不限,,340203,0,稳定,行业报告估算,
选矿脱水工,6-16-01-16,生产制造及有关人员,,xuan-kuang-tuo-shui-gong,6700,80400,高中/中专,3-5年,,182014,9,缓慢,行业报告估算,
尾矿工,6-16-01-17,生产制造及有关人员,,wei-kuang-gong,7300,87600,不限,5年以上,,223646,8,快速,行业报告估算,
石油勘探工,6-16-02-01,生产制造及有关人员,,shi-you-kan-tan-gong,12100,145200,高中/中专,5年以上,,298366,-4,增长,行业报告估算,
钻井工,6-16-02-02,生产制造及有关人员,,zuan-jing-gong,8400,100800,初中及以下,5年以上,,185831,-5,快速,行业报告估算,
水下钻井设备操作工,6-16-02-05,生产制造及有关人员,,shui-xia-zuan-jing-she-bei-cao-zuo-gong,7200,86400,初中及以下,3-5年,,1959573,17,快速,行业报告估算,
石油开采工,6-16-02-07,生产制造及有关人员,,shi-you-kai-cai-gong,8800,105600,高中/中专,5年以上,,301006,16,快速,行业报告估算,
天然气处理工,6-16-02-10,生产制造及有关人员,,tian-ran-qi-chu-li-gong,8900,106800,不限,5年以上,,417161,10,萎缩,行业报告估算,
海上平台水手,6-16-02-13,生产制造及有关人员,,hai-shang-ping-tai-shui-shou,8900,106800,大专,3-5年,,439024,8,萎缩,行业报告估算,
井矿盐制盐工,6-16-03-03,生产制造及有关人员,,jing-kuang-yan-zhi-yan-gong,9900,118800,不限,3-5年,,323579,13,快速,行业报告估算,
烧结球团原料工,6-17-01-01,生产制造及有关人员,,shao-jie-qiu-tuan-yuan-liao-gong,8100,97200,不限,5年以上,,179103,10,增长,行业报告估算,
烧结成品工,6-17-01-04,生产制造及有关人员,,shao-jie-cheng-pin-gong,8100,97200,初中及以下,不限,,411997,2,缓慢,行业报告估算,
高炉原料工,6-17-01-05,生产制造及有关人员,,gao-lu-yuan-liao-gong,6400,76800,不限,不限,,354914,17,缓慢,行业报告估算,
高炉运转工,6-17-01-07,生产制造及有关人员,,gao-lu-yun-zhuan-gong,6200,74400,初中及以下,3-5年,,183008,-4,稳定,行业报告估算,
炼钢工,6-17-02-02,生产制造及有关人员,,lian-gang-gong,7800,93600,初中及以下,不限,,452235,16,增长,行业报告估算,
炼钢浇铸工,6-17-02-03,生产制造及有关人员,,lian-gang-jiao-zhu-gong,7400,88800,不限,1-3年,,409881,5,稳定,行业报告估算,
整模脱模工,6-17-02-05,生产制造及有关人员,,zheng-mo-tuo-mo-gong,7100,85200,不限,3-5年,,33643,-5,稳定,行业报告估算,
铸管精整工,6-17-03-03,生产制造及有关人员,,zhu-guan-jing-zheng-gong,6400,76800,初中及以下,3-5年,,145505,14,快速,行业报告估算,
铁合金焙烧工,6-17-04-03,生产制造及有关人员,,tie-he-jin-bei-shao-gong,10000,120000,不限,3-5年,,199626,7,稳定,行业报告估算,
铁合金湿法冶炼工,6-17-04-04,生产制造及有关人员,,tie-he-jin-shi-fa-ye-lian-gong,9500,114000,初中及以下,5年以上,,21046,-2,萎缩,行业报告估算,
重冶备料工,6-17-05-01,生产制造及有关人员,,zhong-ye-bei-liao-gong,8400,100800,高中/中专,不限,,467972,1,萎缩,行业报告估算,
重冶湿法冶炼工,6-17-05-04,生产制造及有关人员,,zhong-ye-shi-fa-ye-lian-gong,9900,118800,高中/中专,5年以上,,140142,20,增长,行业报告估算,
电解精炼工,6-17-05-05,生产制造及有关人员,,dian-jie-jing-lian-gong,10100,121200,高中/中专,5年以上,,286690,11,萎缩,行业报告估算,
氧化铝制取工,6-17-06-01,生产制造及有关人员,,yang-hua-lv-zhi-qu-gong,8800,105600,高中/中专,5年以上,,86418,8,缓慢,行业报告估算,
镁冶炼工,6-17-06-03,生产制造及有关人员,,mei-ye-lian-gong,7200,86400,不限,不限,,99257,13,萎缩,行业报告估算,
硅冶炼工,6-17-06-04,生产制造及有关人员,,gui-ye-lian-gong,6200,74400,不限,3-5年,,229497,0,缓慢,行业报告估算,
钛冶炼工,6-17-07-03,生产制造及有关人员,,tai-ye-lian-gong,9100,109200,初中及以下,1-3年,,205676,5,萎缩,行业报告估算,
稀土材料生产工,6-17-07-05,生产制造及有关人员,,xi-tu-cai-liao-sheng-chan-gong,8000,96000,不限,5年以上,,305333,2,快速,行业报告估算,
锂冶炼工,6-17-07-07,生产制造及有关人员,,li-ye-lian-gong,8700,104400,高中/中专,3-5年,,200189,20,快速,行业报告估算,
半导体辅料制备工,6-17-08-01,生产制造及有关人员,,ban-dao-ti-fu-liao-zhi-bei-gong,9800,117600,初中及以下,5年以上,,433809,18,快速,行业报告估算,
金属材酸碱洗工,6-17-09-03,生产制造及有关人员,,jin-shu-cai-suan-jian-xi-gong,6800,81600,初中及以下,1-3年,,42457,15,快速,行业报告估算,
金属材热处理工,6-17-09-05,生产制造及有关人员,,jin-shu-cai-re-chu-li-gong,8400,100800,高中/中专,3-5年,,423784,14,萎缩,行业报告估算,
金属材丝拉拔工,6-17-09-08,生产制造及有关人员,,jin-shu-cai-si-la-ba-gong,8600,103200,初中及以下,1-3年,,287343,16,缓慢,行业报告估算,
钢丝绳制造工,6-17-09-11,生产制造及有关人员,,gang-si-sheng-zhi-zao-gong,8100,97200,高中/中专,5年以上,,280291,-3,快速,行业报告估算,
硬质合金烧结工,6-17-10-03,生产制造及有关人员,,ying-zhi-he-jin-shao-jie-gong,6400,76800,不限,不限,,405553,7,增长,行业报告估算,
磨工 差分析,6-18-01-04,生产制造及有关人员,,mo-gong-cha-fen-xi,7500,90000,初中及以下,不限,,237392,15,快速,行业报告估算,
"镗工 复合机床和加工中心等, 进行工件切削加工",6-18-01-05,生产制造及有关人员,,tang-gong-fu-he-ji-chuang-he-jia-gong-zhong-xin-deng-jin-xing-gong-jian-qie-xiao-jia-gong,7400,88800,不限,1-3年,,103047,6,增长,行业报告估算,
电切削工,6-18-01-08,生产制造及有关人员,,dian-qie-xiao-gong,8800,105600,初中及以下,1-3年,,125440,17,快速,行业报告估算,
拉床工,6-18-01-09,生产制造及有关人员,,la-chuang-gong,9500,114000,高中/中专,3-5年,,453347,16,缓慢,行业报告估算,
冲压工,6-18-01-12,生产制造及有关人员,,chong-ya-gong,7400,88800,初中及以下,不限,,93059,16,增长,行业报告估算,
增材制造设备操作员,6-18-01-13,生产制造及有关人员,,zeng-cai-zhi-zao-she-bei-cao-zuo-yuan,8900,106800,本科,1-3年,,390761,15,增长,行业报告估算,
锻造工,6-18-02-02,生产制造及有关人员,,duan-zao-gong,7200,86400,不限,5年以上,,279628,6,快速,行业报告估算,
金属热处理工,6-18-02-03,生产制造及有关人员,,jin-shu-re-chu-li-gong,9900,118800,初中及以下,3-5年,,385691,13,快速,行业报告估算,
粉末冶金制品制造工,6-18-02-06,生产制造及有关人员,,fen-mo-ye-jin-zhi-pin-zhi-zao-gong,9400,112800,不限,5年以上,,249532,-4,快速,行业报告估算,
涂装工,6-18-03-03,生产制造及有关人员,,tu-zhuang-gong,8300,99600,高中/中专,不限,,443970,7,快速,行业报告估算,
喷涂喷焊工,6-18-03-04,生产制造及有关人员,,pen-tu-pen-han-gong,7900,94800,不限,3-5年,,402147,20,快速,行业报告估算,
模具工,6-18-04-01,生产制造及有关人员,,mu-ju-gong,7300,87600,高中/中专,5年以上,,246531,14,稳定,行业报告估算,
模型制作工,6-18-04-02,生产制造及有关人员,,mo-xing-zhi-zuo-gong,7400,88800,高中/中专,不限,,149200,17,萎缩,行业报告估算,
磨具制造工,6-18-04-04,生产制造及有关人员,,mo-ju-zhi-zao-gong,10000,120000,初中及以下,不限,,72581,14,快速,行业报告估算,
量具和刃具制造工,6-18-04-05,生产制造及有关人员,,liang-ju-he-ren-ju-zhi-zao-gong,7700,92400,初中及以下,3-5年,,239530,12,快速,行业报告估算,
工具五金制作工,6-19-01-01,生产制造及有关人员,,gong-ju-wu-jin-zhi-zuo-gong,8200,98400,高中/中专,1-3年,,274680,3,增长,行业报告估算,
锁具制作工,6-19-01-03,生产制造及有关人员,,suo-ju-zhi-zuo-gong,10100,121200,初中及以下,不限,,159492,20,缓慢,行业报告估算,
金属炊具及器皿制作工,6-19-01-04,生产制造及有关人员,,jin-shu-chui-ju-ji-qi-min-zhi-zuo-gong,8700,104400,高中/中专,5年以上,,159917,20,增长,行业报告估算,
眼镜架制作工,6-19-01-07,生产制造及有关人员,,yan-jing-jia-zhi-zuo-gong,8300,99600,高中/中专,不限,,453004,7,增长,行业报告估算,
装配钳工,6-20-01-01,生产制造及有关人员,,zhuang-pei-qian-gong,7700,92400,高中/中专,不限,,268941,17,快速,行业报告估算,
齿轮制造工,6-20-01-03,生产制造及有关人员,,chi-lun-zhi-zao-gong,6800,81600,高中/中专,3-5年,,208813,12,增长,行业报告估算,
减变速机装配调试工,6-20-01-04,生产制造及有关人员,,jian-bian-su-ji-zhuang-pei-diao-shi-gong,7500,90000,初中及以下,不限,,23394,3,增长,行业报告估算,
弹簧工,6-20-01-07,生产制造及有关人员,,tan-huang-gong,9100,109200,高中/中专,5年以上,,474900,-3,增长,行业报告估算,
锅炉设备制造工,6-20-02-01,生产制造及有关人员,,guo-lu-she-bei-zhi-zao-gong,8600,103200,不限,5年以上,,211734,5,缓慢,行业报告估算,
汽轮机装配调试工,6-20-02-03,生产制造及有关人员,,qi-lun-ji-zhuang-pei-diao-shi-gong,9200,110400,初中及以下,3-5年,,159078,11,萎缩,行业报告估算,
风电机组制造工,6-20-02-04,生产制造及有关人员,,feng-dian-ji-zu-zhi-zao-gong,6900,82800,不限,不限,,143695,18,快速,行业报告估算,
焊接设备装配调试工,6-20-03-02,生产制造及有关人员,,han-jie-she-bei-zhuang-pei-diao-shi-gong,8300,99600,初中及以下,不限,,123917,-3,稳定,行业报告估算,
风机装配调试工,6-20-05-04,生产制造及有关人员,,feng-ji-zhuang-pei-diao-shi-gong,9800,117600,高中/中专,不限,,60574,-2,缓慢,行业报告估算,
过滤与分离机械装配调试工,6-20-05-05,生产制造及有关人员,,guo-lv-yu-fen-li-ji-xie-zhuang-pei-diao-shi-gong,7800,93600,高中/中专,1-3年,,408942,8,稳定,行业报告估算,
气体分离设备装配调试工,6-20-05-06,生产制造及有关人员,,qi-ti-fen-li-she-bei-zhuang-pei-diao-shi-gong,8900,106800,不限,1-3年,,381867,-5,稳定,行业报告估算,
液压液力气动密封件制造工,6-20-05-09,生产制造及有关人员,,ye-ya-ye-li-qi-dong-mi-feng-jian-zhi-zao-gong,6600,79200,高中/中专,5年以上,,497848,1,缓慢,行业报告估算,
工业炉及电炉装配工,6-20-06-01,生产制造及有关人员,,gong-ye-lu-ji-dian-lu-zhuang-pei-gong,10000,120000,初中及以下,不限,,22554,-4,萎缩,行业报告估算,
电动工具制造工,6-20-06-04,生产制造及有关人员,,dian-dong-gong-ju-zhi-zao-gong,8500,102000,初中及以下,不限,,395331,0,稳定,行业报告估算,
电影电教设备制造工,6-20-07-01,生产制造及有关人员,,dian-ying-dian-jiao-she-bei-zhi-zao-gong,7000,84000,高中/中专,1-3年,,100753,-5,增长,行业报告估算,
照相机及器材制造工,6-20-07-02,生产制造及有关人员,,zhao-xiang-ji-ji-qi-cai-zhi-zao-gong,6700,80400,高中/中专,5年以上,,184516,2,稳定,行业报告估算,
办公小机械制造工,6-20-07-04,生产制造及有关人员,,ban-gong-xiao-ji-xie-zhi-zao-gong,8300,99600,初中及以下,1-3年,,285991,0,缓慢,行业报告估算,
光学镜头制造工,6-20-07-05,生产制造及有关人员,,guang-xue-jing-tou-zhi-zao-gong,8300,99600,初中及以下,1-3年,,232435,1,萎缩,行业报告估算,
矿用电机车装配工,6-21-01-01,生产制造及有关人员,,kuang-yong-dian-ji-che-zhuang-pei-gong,6500,78000,初中及以下,不限,,443060,1,缓慢,行业报告估算,
工程机械装配调试工,6-21-01-02,生产制造及有关人员,,gong-cheng-ji-xie-zhuang-pei-diao-shi-gong,10100,121200,不限,5年以上,,386130,4,增长,行业报告估算,
印刷设备装配调试工,6-21-02-00,生产制造及有关人员,,yin-shua-she-bei-zhuang-pei-diao-shi-gong,9800,117600,高中/中专,不限,,339196,5,稳定,行业报告估算,
电子专用设备装调工,6-21-04-01,生产制造及有关人员,,dian-zi-zhuan-yong-she-bei-zhuang-diao-gong,7900,94800,不限,1-3年,,68673,-1,增长,行业报告估算,
真空测试工,6-21-04-02,生产制造及有关人员,,zhen-kong-ce-shi-gong,6600,79200,不限,1-3年,,74191,-2,快速,行业报告估算,
耕种机械制造工,6-21-05-02,生产制造及有关人员,,geng-zhong-ji-xie-zhi-zao-gong,9400,112800,高中/中专,1-3年,,311206,-4,萎缩,行业报告估算,
医疗器械装配工,6-21-06-01,生产制造及有关人员,,yi-liao-qi-xie-zhuang-pei-gong,9200,110400,初中及以下,1-3年,,177547,17,稳定,行业报告估算,
医用材料产品生产工,6-21-06-04,生产制造及有关人员,,yi-yong-cai-liao-chan-pin-sheng-chan-gong,9000,108000,不限,1-3年,,185174,19,增长,行业报告估算,
汽车生产线操作工,6-22-01-01,生产制造及有关人员,,qi-che-sheng-chan-xian-cao-zuo-gong,8100,97200,高中/中专,不限,,851485,11,萎缩,行业报告估算,
汽车饰件制造工,6-22-01-02,生产制造及有关人员,,qi-che-shi-jian-zhi-zao-gong,7200,86400,不限,不限,,465837,-4,快速,行业报告估算,
铁路机车制修工,6-23-01-01,生产制造及有关人员,,tie-lu-ji-che-zhi-xiu-gong,9500,114000,不限,5年以上,,178484,-5,萎缩,行业报告估算,
动车组制修师,6-23-01-03,生产制造及有关人员,,dong-che-zu-zhi-xiu-shi,10000,120000,本科,不限,,296788,1,增长,行业报告估算,
金属船体制造工,6-23-02-01,生产制造及有关人员,,jin-shu-chuan-ti-zhi-zao-gong,7100,85200,初中及以下,不限,,359861,17,稳定,行业报告估算,
船舶电气装配工,6-23-02-03,生产制造及有关人员,,chuan-bo-dian-qi-zhuang-pei-gong,8300,99600,不限,3-5年,,60063,-3,萎缩,行业报告估算,
船舶附件制造工,6-23-02-04,生产制造及有关人员,,chuan-bo-fu-jian-zhi-zao-gong,7600,91200,高中/中专,3-5年,,453113,16,萎缩,行业报告估算,
航空发动机装配工,6-23-03-03,生产制造及有关人员,,hang-kong-fa-dong-ji-zhuang-pei-gong,9800,117600,不限,1-3年,,95388,6,稳定,行业报告估算,
航空附件装配工,6-23-03-06,生产制造及有关人员,,hang-kong-fu-jian-zhuang-pei-gong,8100,97200,高中/中专,不限,,290908,12,增长,行业报告估算,
航空仪表装配工,6-23-03-07,生产制造及有关人员,,hang-kong-yi-biao-zhuang-pei-gong,9600,115200,不限,1-3年,,229259,2,缓慢,行业报告估算,
航空装配平衡工,6-23-03-08,生产制造及有关人员,,hang-kong-zhuang-pei-ping-heng-gong,9600,115200,不限,不限,,396789,19,缓慢,行业报告估算,
飞机无线电设备安装调试工,6-23-03-09,生产制造及有关人员,,fei-ji-wu-xian-dian-she-bei-an-zhuang-tiao-shi-gong,7200,86400,不限,5年以上,,202132,2,萎缩,行业报告估算,
飞机雷达安装调试工,6-23-03-10,生产制造及有关人员,,fei-ji-lei-da-an-zhuang-tiao-shi-gong,9300,111600,不限,3-5年,,282371,10,增长,行业报告估算,
飞机外场调试与维护工,6-23-03-13,生产制造及有关人员,,fei-ji-wai-chang-tiao-shi-yu-wei-hu-gong,7800,93600,高中/中专,5年以上,,376752,-4,缓慢,行业报告估算,
航空环控救生装备工,6-23-03-14,生产制造及有关人员,,hang-kong-huan-kong-jiu-sheng-zhuang-bei-gong,9900,118800,不限,不限,,296371,3,稳定,行业报告估算,
摩托车装调工,6-23-04-01,生产制造及有关人员,,mo-tuo-che-zhuang-diao-gong,8100,97200,初中及以下,不限,,392582,7,萎缩,行业报告估算,
电机制造工,6-24-01-00,生产制造及有关人员,,dian-ji-zhi-zao-gong,9400,112800,高中/中专,3-5年,,235499,12,增长,行业报告估算,
变压器互感器制造工,6-24-02-01,生产制造及有关人员,,bian-ya-qi-hu-gan-qi-zhi-zao-gong,7200,86400,高中/中专,5年以上,,167499,15,稳定,行业报告估算,
高低压电器及成套设备装配工,6-24-02-02,生产制造及有关人员,,gao-di-ya-dian-qi-ji-cheng-tao-she-bei-zhuang-pei-gong,7300,87600,初中及以下,1-3年,,309240,17,缓慢,行业报告估算,
光伏组件制造工,6-24-02-04,生产制造及有关人员,,guang-fu-zu-jian-zhi-zao-gong,8500,102000,不限,1-3年,,291258,-5,快速,行业报告估算,
绝缘制品制造工,6-24-03-03,生产制造及有关人员,,jue-yuan-zhi-pin-zhi-zao-gong,10100,121200,不限,5年以上,,235133,8,增长,行业报告估算,
电器附件制造工,6-24-03-05,生产制造及有关人员,,dian-qi-fu-jian-zhi-zao-gong,8100,97200,初中及以下,1-3年,,324005,15,增长,行业报告估算,
家用电冰箱制造工,6-24-05-01,生产制造及有关人员,,jia-yong-dian-bing-xiang-zhi-zao-gong,6700,80400,初中及以下,5年以上,,11852,9,稳定,行业报告估算,
洗衣机制造工,6-24-05-03,生产制造及有关人员,,xi-yi-ji-zhi-zao-gong,8300,99600,初中及以下,5年以上,,233873,0,萎缩,行业报告估算,
小型家用电器制造工,6-24-05-04,生产制造及有关人员,,xiao-xing-jia-yong-dian-qi-zhi-zao-gong,7500,90000,不限,5年以上,,59502,-4,萎缩,行业报告估算,
燃气具制造工,6-24-06-00,生产制造及有关人员,,ran-qi-ju-zhi-zao-gong,8300,99600,初中及以下,不限,,307508,0,稳定,行业报告估算,
电光源制造工,6-24-07-01,生产制造及有关人员,,dian-guang-yuan-zhi-zao-gong,8300,99600,高中/中专,5年以上,,123818,-5,快速,行业报告估算,
灯具制造工,6-24-07-02,生产制造及有关人员,,deng-ju-zhi-zao-gong,7900,94800,高中/中专,5年以上,,41778,13,稳定,行业报告估算,
电阻器制造工,6-25-01-02,生产制造及有关人员,,dian-zu-qi-zhi-zao-gong,7400,88800,不限,不限,,61455,-3,增长,行业报告估算,
微波铁氧体元器件制造工,6-25-01-03,生产制造及有关人员,,wei-bo-tie-yang-ti-yuan-qi-jian-zhi-zao-gong,6800,81600,高中/中专,不限,,100884,-3,快速,行业报告估算,
石英晶体生长设备操作工,6-25-01-04,生产制造及有关人员,,shi-ying-jing-ti-sheng-zhang-she-bei-cao-zuo-gong,8900,106800,高中/中专,1-3年,,1350197,19,缓慢,行业报告估算,
电声器件制造工,6-25-01-07,生产制造及有关人员,,dian-sheng-qi-jian-zhi-zao-gong,8400,100800,不限,3-5年,,351092,10,萎缩,行业报告估算,
高频电感器制造工,6-25-01-10,生产制造及有关人员,,gao-pin-dian-gan-qi-zhi-zao-gong,7000,84000,初中及以下,1-3年,,343349,11,萎缩,行业报告估算,
电器接插件制造工,6-25-01-11,生产制造及有关人员,,dian-qi-jie-cha-jian-zhi-zao-gong,9200,110400,不限,不限,,16236,-2,快速,行业报告估算,
薄膜加热器件制造工,6-25-01-14,生产制造及有关人员,,bao-mo-jia-re-qi-jian-zhi-zao-gong,6300,75600,高中/中专,1-3年,,64773,4,快速,行业报告估算,
温差电器件制造工,6-25-01-15,生产制造及有关人员,,wen-cha-dian-qi-jian-zhi-zao-gong,9100,109200,不限,3-5年,,320697,14,稳定,行业报告估算,
真空电子器件零件制造及装调工,6-25-02-01,生产制造及有关人员,,zhen-kong-dian-zi-qi-jian-ling-jian-zhi-zao-ji-zhuang-diao-gong,8900,106800,不限,5年以上,,26785,-4,增长,行业报告估算,
电极丝制造工,6-25-02-02,生产制造及有关人员,,dian-ji-si-zhi-zao-gong,9400,112800,不限,5年以上,,105807,20,快速,行业报告估算,
液晶显示器件制造工,6-25-02-03,生产制造及有关人员,,ye-jing-xian-shi-qi-jian-zhi-zao-gong,7600,91200,不限,1-3年,,172623,6,缓慢,行业报告估算,
晶片加工工,6-25-02-04,生产制造及有关人员,,jing-pian-jia-gong-gong,8800,105600,不限,3-5年,,462134,2,快速,行业报告估算,
半导体芯片制造工,6-25-02-05,生产制造及有关人员,,ban-dao-ti-xin-pian-zhi-zao-gong,9400,112800,初中及以下,5年以上,,223530,20,增长,行业报告估算,
磁头制造工,6-25-02-07,生产制造及有关人员,,ci-tou-zhi-zao-gong,10000,120000,初中及以下,5年以上,,497049,-5,缓慢,行业报告估算,
通信系统设备制造工,6-25-04-01,生产制造及有关人员,,tong-xin-xi-tong-she-bei-zhi-zao-gong,8100,97200,不限,1-3年,,260069,15,快速,行业报告估算,
通信终端设备制造工,6-25-04-02,生产制造及有关人员,,tong-xin-zhong-duan-she-bei-zhi-zao-gong,6200,74400,高中/中专,1-3年,,235425,7,增长,行业报告估算,
智能硬件装调员,6-25-04-05,生产制造及有关人员,,zhi-neng-ying-jian-zhuang-diao-yuan,8100,97200,大专,1-3年,,133744,11,缓慢,行业报告估算,
电子设备调试工,6-25-04-08,生产制造及有关人员,,dian-zi-she-bei-tiao-shi-gong,8500,102000,初中及以下,5年以上,,428568,11,增长,行业报告估算,
物联网安装调试员,6-25-04-09,生产制造及有关人员,,wu-lian-wang-an-zhuang-tiao-shi-yuan,9600,115200,本科,1-3年,,193452,-1,缓慢,行业报告估算,
仪器仪表制造工,6-26-01-01,生产制造及有关人员,,yi-qi-yi-biao-zhi-zao-gong,9600,115200,不限,5年以上,,341924,17,快速,行业报告估算,
钟表及计时仪器制造工,6-26-01-02,生产制造及有关人员,,zhong-biao-ji-ji-shi-yi-qi-zhi-zao-gong,7900,94800,初中及以下,不限,,150586,4,稳定,行业报告估算,
再生物资加工处理工,6-27-01-00,生产制造及有关人员,,zai-sheng-wu-zi-jia-gong-chu-li-gong,8200,98400,初中及以下,5年以上,,344871,18,稳定,行业报告估算,
锅炉运行值班员,6-28-01-01,生产制造及有关人员,,guo-lu-yun-xing-zhi-ban-yuan,7900,94800,大专,不限,,118896,19,增长,行业报告估算,
燃料值班员,6-28-01-02,生产制造及有关人员,,ran-liao-zhi-ban-yuan,9000,108000,本科,1-3年,,351880,12,萎缩,行业报告估算,
汽轮机运行值班员,6-28-01-03,生产制造及有关人员,,qi-lun-ji-yun-xing-zhi-ban-yuan,7700,92400,本科,3-5年,,286263,3,稳定,行业报告估算,
电气值班员,6-28-01-06,生产制造及有关人员,,dian-qi-zhi-ban-yuan,8700,104400,大专,不限,,162606,15,萎缩,行业报告估算,
火电厂氢冷值班员,6-28-01-07,生产制造及有关人员,,huo-dian-chang-qing-leng-zhi-ban-yuan,6700,80400,大专,1-3年,,234408,2,稳定,行业报告估算,
水力发电运行值班员,6-28-01-09,生产制造及有关人员,,shui-li-fa-dian-yun-xing-zhi-ban-yuan,8000,96000,本科,3-5年,,25571,15,增长,行业报告估算,
光伏发电运维值班员,6-28-01-10,生产制造及有关人员,,guang-fu-fa-dian-yun-wei-zhi-ban-yuan,10000,120000,大专,1-3年,,427721,8,稳定,行业报告估算,
锅炉操作工,6-28-01-11,生产制造及有关人员,,guo-lu-cao-zuo-gong,7400,88800,不限,不限,,636502,6,稳定,行业报告估算,
变配电运行值班员,6-28-01-14,生产制造及有关人员,,bian-pei-dian-yun-xing-zhi-ban-yuan,8900,106800,大专,不限,,75068,9,缓慢,行业报告估算,
气体深冷分离工,6-28-02-02,生产制造及有关人员,,qi-ti-shen-leng-fen-li-gong,8700,104400,高中/中专,1-3年,,59881,2,快速,行业报告估算,
工业气体液化工,6-28-02-04,生产制造及有关人员,,gong-ye-qi-ti-ye-hua-gong,9500,114000,不限,不限,,142914,4,缓慢,行业报告估算,
工业废气治理工,6-28-02-05,生产制造及有关人员,,gong-ye-fei-qi-zhi-li-gong,9500,114000,高中/中专,3-5年,,340865,16,缓慢,行业报告估算,
水生产处理工,6-28-03-01,生产制造及有关人员,,shui-sheng-chan-chu-li-gong,9600,115200,不限,1-3年,,253159,19,缓慢,行业报告估算,
司泵工,6-28-03-04,生产制造及有关人员,,si-beng-gong,7600,91200,初中及以下,5年以上,,28755,19,增长,行业报告估算,
砌筑工,6-29-01-01,生产制造及有关人员,,qi-zhu-gong,7400,88800,高中/中专,不限,,153469,-5,稳定,行业报告估算,
石工 使用工具,6-29-01-02,生产制造及有关人员,,shi-gong-shi-yong-gong-ju,9000,108000,初中及以下,1-3年,,464753,-2,稳定,行业报告估算,
混凝土工,6-29-01-03,生产制造及有关人员,,hun-ning-tu-gong,9200,110400,初中及以下,3-5年,,22258,13,增长,行业报告估算,
架子工,6-29-01-05,生产制造及有关人员,,jia-zi-gong,9600,115200,高中/中专,不限,,24985,19,快速,行业报告估算,
装配式建筑施工员,6-29-01-06,生产制造及有关人员,,zhuang-pei-shi-jian-zhu-shi-gong-yuan,6200,74400,本科,不限,,144753,9,缓慢,行业报告估算,
乡村建设工匠,6-29-01-07,生产制造及有关人员,,xiang-cun-jian-she-gong-jiang,6400,76800,不限,3-5年,,193355,7,稳定,行业报告估算,
铁路自轮运转设备工,6-29-02-01,生产制造及有关人员,,tie-lu-zi-lun-yun-zhuan-she-bei-gong,8600,103200,初中及以下,3-5年,,181002,-2,增长,行业报告估算,
筑路工,6-29-02-03,生产制造及有关人员,,zhu-lu-gong,9800,117600,不限,5年以上,,461617,0,稳定,行业报告估算,
公路养护工,6-29-02-04,生产制造及有关人员,,gong-lu-yang-hu-gong,10100,121200,初中及以下,5年以上,,227068,5,增长,行业报告估算,
桥隧工,6-29-02-05,生产制造及有关人员,,qiao-sui-gong,9100,109200,高中/中专,不限,,238272,6,萎缩,行业报告估算,
防水工,6-29-02-08,生产制造及有关人员,,fang-shui-gong,7800,93600,初中及以下,5年以上,,380181,11,稳定,行业报告估算,
水运工程施工工,6-29-02-09,生产制造及有关人员,,shui-yun-gong-cheng-shi-gong-gong,6500,78000,高中/中专,5年以上,,285760,9,萎缩,行业报告估算,
送配电线路工,6-29-02-12,生产制造及有关人员,,song-pei-dian-xian-lu-gong,8600,103200,高中/中专,3-5年,,279649,2,快速,行业报告估算,
牵引电力线路安装维护工,6-29-02-13,生产制造及有关人员,,qian-yin-dian-li-xian-lu-an-zhuang-wei-hu-gong,10700,128400,初中及以下,5年以上,,21426,12,快速,行业报告估算,
设施,6-29-02-14,生产制造及有关人员,,she-shi,7900,94800,不限,不限,,75210,17,稳定,行业报告估算,
检查,6-29-02-15,生产制造及有关人员,,jian-cha,8900,106800,高中/中专,不限,,290772,14,快速,行业报告估算,
路隧道设施,6-29-02-16,生产制造及有关人员,,lu-sui-dao-she-shi,9700,116400,高中/中专,1-3年,,248894,14,快速,行业报告估算,
看守桥梁,6-29-02-17,生产制造及有关人员,,kan-shou-qiao-liang,6300,75600,高中/中专,3-5年,,297958,5,稳定,行业报告估算,
机械设备安装工,6-29-03-01,生产制造及有关人员,,ji-xie-she-bei-an-zhuang-gong,9300,111600,不限,5年以上,,340542,-3,稳定,行业报告估算,
电气设备安装工,6-29-03-02,生产制造及有关人员,,dian-qi-she-bei-an-zhuang-gong,7300,87600,初中及以下,1-3年,,258835,0,萎缩,行业报告估算,
管工 统维修过程中制冷剂的回收再利用或再生,6-29-03-04,生产制造及有关人员,,guan-gong-tong-wei-xiu-guo-cheng-zhong-zhi-leng-ji-de-hui-shou-zai-li-yong-huo-zai-sheng,7600,91200,高中/中专,不限,,264603,-2,稳定,行业报告估算,
制冷空调系统安装维修工,6-29-03-05,生产制造及有关人员,,zhi-leng-kong-tiao-xi-tong-an-zhuang-wei-xiu-gong,6700,80400,不限,3-5年,,53232,3,增长,行业报告估算,
电力电气设备安装工,6-29-03-08,生产制造及有关人员,,dian-li-dian-qi-she-bei-an-zhuang-gong,9100,109200,初中及以下,1-3年,,184070,14,快速,行业报告估算,
装饰装修工,6-29-04-01,生产制造及有关人员,,zhuang-shi-zhuang-xiu-gong,8400,100800,不限,5年以上,,135350,4,稳定,行业报告估算,
古建筑工,6-29-05-00,生产制造及有关人员,,gu-jian-zhu-gong,9300,111600,初中及以下,不限,,132291,1,快速,行业报告估算,
专用车辆驾驶员,6-30-01-00,生产制造及有关人员,,zhuan-yong-che-liang-jia-shi-yuan,6800,81600,本科,3-5年,,386796,15,快速,行业报告估算,
机车调度值班员,6-30-02-03,生产制造及有关人员,,ji-che-diao-du-zhi-ban-yuan,6400,76800,大专,不限,,23422,12,增长,行业报告估算,
机车整备员,6-30-02-04,生产制造及有关人员,,ji-che-zheng-bei-yuan,9600,115200,本科,1-3年,,393115,-3,快速,行业报告估算,
铁路电源工,6-30-02-07,生产制造及有关人员,,tie-lu-dian-yuan-gong,8600,103200,高中/中专,不限,,459076,4,增长,行业报告估算,
航空通信导航监视员,6-30-03-01,生产制造及有关人员,,hang-kong-tong-xin-dao-hang-jian-shi-yuan,7100,85200,大专,1-3年,,154281,10,萎缩,行业报告估算,
民航机场专用设备机务员,6-30-03-02,生产制造及有关人员,,min-hang-ji-chang-zhuan-yong-she-bei-ji-wu-yuan,9800,117600,大专,3-5年,,323371,12,快速,行业报告估算,
航空油料员,6-30-03-03,生产制造及有关人员,,hang-kong-you-liao-yuan,6700,80400,大专,5年以上,,209399,12,快速,行业报告估算,
船舶机舱设备操作工,6-30-04-02,生产制造及有关人员,,chuan-bo-ji-cang-she-bei-cao-zuo-gong,7900,94800,高中/中专,3-5年,,791012,9,萎缩,行业报告估算,
船闸及升船机运管员,6-30-04-03,生产制造及有关人员,,chuan-zha-ji-sheng-chuan-ji-yun-guan-yuan,7100,85200,大专,1-3年,,239893,17,缓慢,行业报告估算,
起重装卸机械操作工,6-30-05-01,生产制造及有关人员,,qi-zhong-zhuang-xie-ji-xie-cao-zuo-gong,7100,85200,不限,不限,,898867,6,快速,行业报告估算,
使用工具,6-30-05-02,生产制造及有关人员,,shi-yong-gong-ju,6100,73200,高中/中专,不限,,397246,-3,缓慢,行业报告估算,
体的人员,6-30-05-03,生产制造及有关人员,,ti-de-ren-yuan,9300,111600,本科,1-3年,,332014,10,增长,行业报告估算,
主要工作任务,6-30-05-04,生产制造及有关人员,,zhu-yao-gong-zuo-ren-wu,9700,116400,初中及以下,5年以上,,85230,19,增长,行业报告估算,
根据物体质量,6-30-05-05,生产制造及有关人员,,gen-ju-wu-ti-zhi-liang,8800,105600,大专,不限,,45539,18,快速,行业报告估算,
设备点检员,6-31-01-01,生产制造及有关人员,,she-bei-dian-jian-yuan,6700,80400,大专,1-3年,,453960,16,快速,行业报告估算,
电工 检修锅炉本体及辅机,6-31-01-03,生产制造及有关人员,,dian-gong-jian-xiu-guo-lu-ben-ti-ji-fu-ji,7900,94800,不限,1-3年,,305746,-4,稳定,行业报告估算,
仪器仪表维修工,6-31-01-04,生产制造及有关人员,,yi-qi-yi-biao-wei-xiu-gong,7500,90000,初中及以下,3-5年,,50640,12,萎缩,行业报告估算,
电机检修工,6-31-01-07,生产制造及有关人员,,dian-ji-jian-xiu-gong,8500,102000,不限,不限,,392185,18,缓慢,行业报告估算,
机电设备维修工,6-31-01-10,生产制造及有关人员,,ji-dian-she-bei-wei-xiu-gong,8700,104400,初中及以下,3-5年,,259665,10,萎缩,行业报告估算,
船舶修理工,6-31-02-01,生产制造及有关人员,,chuan-bo-xiu-li-gong,7800,93600,高中/中专,5年以上,,90542,7,增长,行业报告估算,
航空器部件修理工,6-31-02-03,生产制造及有关人员,,hang-kong-qi-bu-jian-xiu-li-gong,7100,85200,初中及以下,5年以上,,470351,14,缓慢,行业报告估算,
化学检验员,6-31-03-01,生产制造及有关人员,,hua-xue-jian-yan-yuan,9500,114000,大专,1-3年,,175460,-3,增长,行业报告估算,
物理性能检验员,6-31-03-02,生产制造及有关人员,,wu-li-xing-neng-jian-yan-yuan,6900,82800,本科,5年以上,,161580,1,增长,行业报告估算,
生化检验员,6-31-03-03,生产制造及有关人员,,sheng-hua-jian-yan-yuan,7600,91200,本科,5年以上,,358048,-3,增长,行业报告估算,
无损检测员,6-31-03-04,生产制造及有关人员,,wu-sun-jian-ce-yuan,8000,96000,大专,1-3年,,371071,12,稳定,行业报告估算,
称重计量工,6-31-04-00,生产制造及有关人员,,cheng-zhong-ji-liang-gong,7000,84000,高中/中专,1-3年,,136577,-3,缓慢,行业报告估算,
安全员,6-31-06-00,生产制造及有关人员,,an-quan-yuan,8400,100800,大专,1-3年,,219252,9,快速,行业报告估算,
工业视觉系统运维员,6-31-07-02,生产制造及有关人员,,gong-ye-shi-jue-xi-tong-yun-wei-yuan,8400,100800,大专,5年以上,,59080,16,快速,行业报告估算,
工业机器人系统操作员,6-31-07-03,生产制造及有关人员,,gong-ye-ji-qi-ren-xi-tong-cao-zuo-yuan,10100,121200,本科,不限,,373121,8,快速,行业报告估算,
